{
"id":"C315", 
"services":[
{"name":"algorithm","alternatives":["dijkstra"]}
, {"name":"vehicle","alternatives":["car", "bike", "foot"]}
, {"name":"weighting","alternatives":["fastest", "default", "shortest"]}
]
,
"platforms":[
{
"id":"S300", 
"host":"http://e105m01.istic.univ-rennes1.fr:1536/",
"services":[
{"name":"algorithm","alternatives":["dijkstra"]}
, {"name":"vehicle","alternatives":["car"]}
, {"name":"weighting","alternatives":["fastest", "least_congested"]}
]
}
, {
"id":"S466", 
"host":"http://e212m08.istic.univ-rennes1.fr:1540/",
"services":[
{"name":"algorithm","alternatives":["dijkstra"]}
, {"name":"vehicle","alternatives":["car", "bike"]}
, {"name":"weighting","alternatives":["least_polluted", "default", "least_noisy", "fastest"]}
]
}
, {
"id":"S274", 
"host":"http://e008m08.istic.univ-rennes1.fr:1540/",
"services":[
{"name":"algorithm","alternatives":["dijkstra"]}
, {"name":"vehicle","alternatives":["car", "foot"]}
, {"name":"weighting","alternatives":["fastest", "default", "shortest", "least_congested", "least_polluted"]}
]
}
, {
"id":"S491", 
"host":"http://d020m01.istic.univ-rennes1.fr:1535/",
"services":[
{"name":"algorithm","alternatives":["dijkstra"]}
, {"name":"vehicle","alternatives":["foot", "bike", "motorcycle", "car"]}
, {"name":"weighting","alternatives":["fastest", "least_congested", "shortest", "default", "least_polluted", "least_noisy"]}
]
}
]
}

