{
"id":"C203", 
"services":[
{"name":"algorithm","alternatives":["dijkstra"]}
, {"name":"vehicle","alternatives":["car"]}
, {"name":"weighting","alternatives":["shortest", "least_noisy"]}
]
,
"platforms":[
{
"id":"S835", 
"host":"http://d028m10.istic.univ-rennes1.fr:1533/",
"services":[
{"name":"algorithm","alternatives":["dijkstra"]}
, {"name":"vehicle","alternatives":["car"]}
, {"name":"weighting","alternatives":["default", "shortest", "fastest"]}
]
}
, {
"id":"S472", 
"host":"http://e212m09.istic.univ-rennes1.fr:1536/",
"services":[
{"name":"algorithm","alternatives":["dijkstra"]}
, {"name":"vehicle","alternatives":["foot", "car"]}
, {"name":"weighting","alternatives":["fastest", "default", "least_congested", "least_noisy"]}
]
}
, {
"id":"S182", 
"host":"http://e103m09.istic.univ-rennes1.fr:1531/",
"services":[
{"name":"algorithm","alternatives":["dijkstra"]}
, {"name":"vehicle","alternatives":["car"]}
, {"name":"weighting","alternatives":["fastest", "default", "least_noisy", "least_congested", "shortest", "least_polluted"]}
]
}
]
}

