{
"id":"C542", 
"services":[
{"name":"algorithm","alternatives":["dijkstra"]}
, {"name":"vehicle","alternatives":["car", "bike", "foot"]}
, {"name":"weighting","alternatives":["shortest", "least_noisy"]}
]
,
"platforms":[
{
"id":"S8", 
"host":"http://e003m01.istic.univ-rennes1.fr:1538/",
"services":[
{"name":"algorithm","alternatives":["dijkstra"]}
, {"name":"vehicle","alternatives":["car", "foot"]}
, {"name":"weighting","alternatives":["fastest", "default", "least_noisy", "least_congested", "shortest"]}
]
}
, {
"id":"S313", 
"host":"http://e105m02.istic.univ-rennes1.fr:1539/",
"services":[
{"name":"algorithm","alternatives":["dijkstra"]}
, {"name":"vehicle","alternatives":["car", "bike"]}
, {"name":"weighting","alternatives":["fastest", "default", "least_polluted", "shortest"]}
]
}
, {
"id":"S536", 
"host":"http://d020m06.istic.univ-rennes1.fr:1535/",
"services":[
{"name":"algorithm","alternatives":["dijkstra"]}
, {"name":"vehicle","alternatives":["bike", "car"]}
, {"name":"weighting","alternatives":["shortest", "default", "fastest", "least_congested", "least_noisy", "most_ozonic"]}
]
}
, {
"id":"S806", 
"host":"http://d028m06.istic.univ-rennes1.fr:1534/",
"services":[
{"name":"algorithm","alternatives":["dijkstra"]}
, {"name":"vehicle","alternatives":["car", "bike", "motorcycle", "foot"]}
, {"name":"weighting","alternatives":["fastest", "least_polluted", "default", "least_pollen", "least_congested", "shortest", "least_noisy"]}
]
}
]
}

