{
"id":"C649", 
"services":[
{"name":"algorithm","alternatives":["dijkstra"]}
, {"name":"vehicle","alternatives":["car", "bike", "motorcycle"]}
, {"name":"weighting","alternatives":["least_congested"]}
]
,
"platforms":[
{
"id":"S50", 
"host":"http://e003m05.istic.univ-rennes1.fr:1540/",
"services":[
{"name":"algorithm","alternatives":["dijkstra"]}
, {"name":"vehicle","alternatives":["bike"]}
, {"name":"weighting","alternatives":["fastest", "default", "least_noisy", "least_congested", "shortest"]}
]
}
, {
"id":"S104", 
"host":"http://e103m01.istic.univ-rennes1.fr:1534/",
"services":[
{"name":"algorithm","alternatives":["dijkstra"]}
, {"name":"vehicle","alternatives":["car"]}
, {"name":"weighting","alternatives":["fastest", "least_congested", "default", "shortest", "least_polluted", "least_noisy"]}
]
}
, {
"id":"S120", 
"host":"http://e103m02.istic.univ-rennes1.fr:1540/",
"services":[
{"name":"algorithm","alternatives":["dijkstra"]}
, {"name":"vehicle","alternatives":["car", "bike"]}
, {"name":"weighting","alternatives":["least_congested", "fastest", "least_noisy", "shortest"]}
]
}
, {
"id":"S675", 
"host":"http://d024m09.istic.univ-rennes1.fr:1533/",
"services":[
{"name":"algorithm","alternatives":["dijkstra"]}
, {"name":"vehicle","alternatives":["car", "scooter", "motorcycle"]}
, {"name":"weighting","alternatives":["least_congested", "fastest", "default"]}
]
}
, {
"id":"S847", 
"host":"http://d122m01.istic.univ-rennes1.fr:1540/",
"services":[
{"name":"algorithm","alternatives":["dijkstra"]}
, {"name":"vehicle","alternatives":["car", "bike", "foot", "motorcycle"]}
, {"name":"weighting","alternatives":["least_congested", "fastest", "default", "shortest", "least_noisy", "most_scenic"]}
]
}
]
}

