{
"id":"C612", 
"services":[
{"name":"algorithm","alternatives":["dijkstra"]}
, {"name":"vehicle","alternatives":["car"]}
, {"name":"weighting","alternatives":["default", "fastest", "least_congested"]}
]
,
"platforms":[
{
"id":"S151", 
"host":"http://e103m06.istic.univ-rennes1.fr:1531/",
"services":[
{"name":"algorithm","alternatives":["dijkstra"]}
, {"name":"vehicle","alternatives":["car", "foot"]}
, {"name":"weighting","alternatives":["default", "fastest", "least_congested", "shortest", "least_noisy", "least_polluted", "most_ozonic"]}
]
}
]
}

