{
"id":"C311", 
"services":[
{"name":"algorithm","alternatives":["dijkstra"]}
, {"name":"vehicle","alternatives":["car"]}
, {"name":"weighting","alternatives":["least_polluted", "fastest"]}
]
,
"platforms":[
{
"id":"S259", 
"host":"http://e008m07.istic.univ-rennes1.fr:1536/",
"services":[
{"name":"algorithm","alternatives":["dijkstra"]}
, {"name":"vehicle","alternatives":["bike", "car", "foot"]}
, {"name":"weighting","alternatives":["fastest", "shortest", "default", "least_congested", "least_polluted", "least_pollen", "least_noisy", "most_scenic", "most_ozonic"]}
]
}
]
}

