{
"id":"C637", 
"services":[
{"name":"algorithm","alternatives":["dijkstra"]}
, {"name":"vehicle","alternatives":["car", "foot", "bike"]}
, {"name":"weighting","alternatives":["fastest", "least_congested"]}
]
,
"platforms":[
{
"id":"S24", 
"host":"http://e003m03.istic.univ-rennes1.fr:1534/",
"services":[
{"name":"algorithm","alternatives":["dijkstra"]}
, {"name":"vehicle","alternatives":["bike"]}
, {"name":"weighting","alternatives":["shortest", "least_congested", "fastest"]}
]
}
, {
"id":"S89", 
"host":"http://e003m09.istic.univ-rennes1.fr:1539/",
"services":[
{"name":"algorithm","alternatives":["dijkstra"]}
, {"name":"vehicle","alternatives":["car", "bike"]}
, {"name":"weighting","alternatives":["default", "fastest", "shortest"]}
]
}
, {
"id":"S778", 
"host":"http://d028m03.istic.univ-rennes1.fr:1531/",
"services":[
{"name":"algorithm","alternatives":["dijkstra"]}
, {"name":"vehicle","alternatives":["car", "bike"]}
, {"name":"weighting","alternatives":["least_congested", "fastest", "default", "least_polluted", "least_noisy", "shortest"]}
]
}
, {
"id":"S129", 
"host":"http://e103m03.istic.univ-rennes1.fr:1539/",
"services":[
{"name":"algorithm","alternatives":["dijkstra"]}
, {"name":"vehicle","alternatives":["foot"]}
, {"name":"weighting","alternatives":["least_congested", "default", "fastest", "shortest", "most_ozonic", "least_polluted"]}
]
}
, {
"id":"S303", 
"host":"http://e105m01.istic.univ-rennes1.fr:1539/",
"services":[
{"name":"algorithm","alternatives":["dijkstra"]}
, {"name":"vehicle","alternatives":["foot", "car"]}
, {"name":"weighting","alternatives":["least_polluted", "least_noisy", "fastest", "default", "shortest", "least_congested", "least_pollen"]}
]
}
, {
"id":"S623", 
"host":"http://d022m10.istic.univ-rennes1.fr:1537/",
"services":[
{"name":"algorithm","alternatives":["dijkstra"]}
, {"name":"vehicle","alternatives":["bike", "car", "scooter", "foot"]}
, {"name":"weighting","alternatives":["fastest", "default", "shortest"]}
]
}
, {
"id":"S269", 
"host":"http://e008m08.istic.univ-rennes1.fr:1535/",
"services":[
{"name":"algorithm","alternatives":["dijkstra"]}
, {"name":"vehicle","alternatives":["car", "foot", "bike"]}
, {"name":"weighting","alternatives":["fastest", "shortest", "least_congested"]}
]
}
]
}

