{
"id":"C946", 
"services":[
{"name":"algorithm","alternatives":["dijkstra"]}
, {"name":"vehicle","alternatives":["car", "foot", "bike"]}
, {"name":"weighting","alternatives":["shortest", "least_congested", "least_polluted", "fastest", "default"]}
]
,
"platforms":[
{
"id":"S53", 
"host":"http://e003m06.istic.univ-rennes1.fr:1533/",
"services":[
{"name":"algorithm","alternatives":["dijkstra"]}
, {"name":"vehicle","alternatives":["car", "bike"]}
, {"name":"weighting","alternatives":["least_congested", "default", "fastest", "most_scenic", "shortest", "least_pollen"]}
]
}
, {
"id":"S497", 
"host":"http://d020m02.istic.univ-rennes1.fr:1531/",
"services":[
{"name":"algorithm","alternatives":["dijkstra"]}
, {"name":"vehicle","alternatives":["car", "foot"]}
, {"name":"weighting","alternatives":["fastest", "default", "least_congested", "least_noisy", "least_polluted", "shortest", "least_pollen"]}
]
}
, {
"id":"S442", 
"host":"http://e212m06.istic.univ-rennes1.fr:1536/",
"services":[
{"name":"algorithm","alternatives":["dijkstra"]}
, {"name":"vehicle","alternatives":["bike"]}
, {"name":"weighting","alternatives":["default", "fastest", "shortest", "least_polluted", "least_noisy", "least_congested"]}
]
}
, {
"id":"S21", 
"host":"http://e003m03.istic.univ-rennes1.fr:1531/",
"services":[
{"name":"algorithm","alternatives":["dijkstra"]}
, {"name":"vehicle","alternatives":["car", "foot", "bike"]}
, {"name":"weighting","alternatives":["least_polluted", "fastest", "least_congested", "default"]}
]
}
, {
"id":"S204", 
"host":"http://e008m02.istic.univ-rennes1.fr:1532/",
"services":[
{"name":"algorithm","alternatives":["dijkstra"]}
, {"name":"vehicle","alternatives":["foot", "car", "bike"]}
, {"name":"weighting","alternatives":["fastest", "shortest", "default", "least_congested", "least_noisy"]}
]
}
, {
"id":"S736", 
"host":"http://d026m06.istic.univ-rennes1.fr:1534/",
"services":[
{"name":"algorithm","alternatives":["dijkstra"]}
, {"name":"vehicle","alternatives":["bike", "car"]}
, {"name":"weighting","alternatives":["default", "shortest", "fastest", "least_noisy", "least_polluted"]}
]
}
, {
"id":"S436", 
"host":"http://e212m05.istic.univ-rennes1.fr:1540/",
"services":[
{"name":"algorithm","alternatives":["dijkstra"]}
, {"name":"vehicle","alternatives":["car", "bike"]}
, {"name":"weighting","alternatives":["fastest", "default", "least_polluted", "least_noisy", "shortest", "least_congested", "least_pollen", "most_scenic"]}
]
}
, {
"id":"S57", 
"host":"http://e003m06.istic.univ-rennes1.fr:1537/",
"services":[
{"name":"algorithm","alternatives":["dijkstra"]}
, {"name":"vehicle","alternatives":["bike", "foot", "car"]}
, {"name":"weighting","alternatives":["least_noisy", "fastest", "shortest", "least_polluted", "default"]}
]
}
, {
"id":"S259", 
"host":"http://e008m07.istic.univ-rennes1.fr:1536/",
"services":[
{"name":"algorithm","alternatives":["dijkstra"]}
, {"name":"vehicle","alternatives":["bike", "car", "foot"]}
, {"name":"weighting","alternatives":["fastest", "shortest", "default", "least_congested", "least_polluted", "least_pollen", "least_noisy", "most_scenic", "most_ozonic"]}
]
}
]
}

