{
"id":"C838", 
"services":[
{"name":"algorithm","alternatives":["dijkstra"]}
, {"name":"vehicle","alternatives":["car", "bike"]}
, {"name":"weighting","alternatives":["fastest", "least_congested"]}
]
,
"platforms":[
{
"id":"S130", 
"host":"http://e103m03.istic.univ-rennes1.fr:1540/",
"services":[
{"name":"algorithm","alternatives":["dijkstra"]}
, {"name":"vehicle","alternatives":["bike"]}
, {"name":"weighting","alternatives":["fastest", "default", "least_polluted"]}
]
}
, {
"id":"S762", 
"host":"http://d026m10.istic.univ-rennes1.fr:1535/",
"services":[
{"name":"algorithm","alternatives":["dijkstra"]}
, {"name":"vehicle","alternatives":["car", "foot"]}
, {"name":"weighting","alternatives":["default", "shortest", "fastest"]}
]
}
, {
"id":"S593", 
"host":"http://d022m07.istic.univ-rennes1.fr:1532/",
"services":[
{"name":"algorithm","alternatives":["dijkstra"]}
, {"name":"vehicle","alternatives":["car"]}
, {"name":"weighting","alternatives":["fastest", "least_congested", "default", "shortest", "least_polluted"]}
]
}
, {
"id":"S358", 
"host":"http://e105m07.istic.univ-rennes1.fr:1533/",
"services":[
{"name":"algorithm","alternatives":["dijkstra"]}
, {"name":"vehicle","alternatives":["bike"]}
, {"name":"weighting","alternatives":["least_polluted", "least_congested", "default", "fastest", "shortest", "least_noisy"]}
]
}
, {
"id":"S363", 
"host":"http://e105m07.istic.univ-rennes1.fr:1537/",
"services":[
{"name":"algorithm","alternatives":["dijkstra"]}
, {"name":"vehicle","alternatives":["car", "bike"]}
, {"name":"weighting","alternatives":["fastest", "least_noisy", "shortest", "default"]}
]
}
, {
"id":"S318", 
"host":"http://e105m03.istic.univ-rennes1.fr:1534/",
"services":[
{"name":"algorithm","alternatives":["dijkstra"]}
, {"name":"vehicle","alternatives":["car", "foot", "bike"]}
, {"name":"weighting","alternatives":["fastest", "default", "least_congested", "shortest"]}
]
}
]
}

