{
"id":"C1258", 
"services":[
{"name":"algorithm","alternatives":["dijkstra"]}
, {"name":"vehicle","alternatives":["car", "bike", "motorcycle", "foot"]}
, {"name":"weighting","alternatives":["shortest"]}
]
,
"platforms":[
{
"id":"S339", 
"host":"http://e105m05.istic.univ-rennes1.fr:1535/",
"services":[
{"name":"algorithm","alternatives":["dijkstra"]}
, {"name":"vehicle","alternatives":["car", "bike", "foot"]}
, {"name":"weighting","alternatives":["shortest", "fastest", "default"]}
]
}
, {
"id":"S99", 
"host":"http://e003m10.istic.univ-rennes1.fr:1539/",
"services":[
{"name":"algorithm","alternatives":["dijkstra"]}
, {"name":"vehicle","alternatives":["car", "bike", "motorcycle"]}
, {"name":"weighting","alternatives":["least_polluted", "default", "fastest", "shortest", "least_pollen"]}
]
}
, {
"id":"S108", 
"host":"http://e103m01.istic.univ-rennes1.fr:1538/",
"services":[
{"name":"algorithm","alternatives":["dijkstra"]}
, {"name":"vehicle","alternatives":["bike", "car", "foot", "motorcycle"]}
, {"name":"weighting","alternatives":["fastest", "shortest"]}
]
}
]
}

