{
"id":"C1339", 
"services":[
{"name":"algorithm","alternatives":["dijkstra"]}
, {"name":"vehicle","alternatives":["bike", "car"]}
, {"name":"weighting","alternatives":["fastest", "shortest", "least_noisy", "least_congested"]}
]
,
"platforms":[
{
"id":"S319", 
"host":"http://e105m03.istic.univ-rennes1.fr:1535/",
"services":[
{"name":"algorithm","alternatives":["dijkstra"]}
, {"name":"vehicle","alternatives":["car", "bike"]}
, {"name":"weighting","alternatives":["least_congested", "fastest", "default", "shortest", "least_polluted", "most_ozonic"]}
]
}
, {
"id":"S11", 
"host":"http://e003m02.istic.univ-rennes1.fr:1531/",
"services":[
{"name":"algorithm","alternatives":["dijkstra"]}
, {"name":"vehicle","alternatives":["car"]}
, {"name":"weighting","alternatives":["fastest", "shortest", "least_noisy"]}
]
}
, {
"id":"S523", 
"host":"http://d020m04.istic.univ-rennes1.fr:1537/",
"services":[
{"name":"algorithm","alternatives":["dijkstra"]}
, {"name":"vehicle","alternatives":["bike"]}
, {"name":"weighting","alternatives":["fastest", "default", "least_congested", "least_noisy", "shortest"]}
]
}
, {
"id":"S796", 
"host":"http://d028m05.istic.univ-rennes1.fr:1534/",
"services":[
{"name":"algorithm","alternatives":["dijkstra"]}
, {"name":"vehicle","alternatives":["car"]}
, {"name":"weighting","alternatives":["fastest", "default", "shortest", "least_congested", "least_polluted", "most_scenic", "least_noisy", "most_ozonic", "least_pollen"]}
]
}
, {
"id":"S436", 
"host":"http://e212m05.istic.univ-rennes1.fr:1540/",
"services":[
{"name":"algorithm","alternatives":["dijkstra"]}
, {"name":"vehicle","alternatives":["car", "bike"]}
, {"name":"weighting","alternatives":["fastest", "default", "least_polluted", "least_noisy", "shortest", "least_congested", "least_pollen", "most_scenic"]}
]
}
]
}

