{
"id":"C843", 
"services":[
{"name":"algorithm","alternatives":["dijkstra"]}
, {"name":"vehicle","alternatives":["car"]}
, {"name":"weighting","alternatives":["default", "shortest", "fastest", "least_polluted"]}
]
,
"platforms":[
{
"id":"S275", 
"host":"http://e008m09.istic.univ-rennes1.fr:1531/",
"services":[
{"name":"algorithm","alternatives":["dijkstra"]}
, {"name":"vehicle","alternatives":["car"]}
, {"name":"weighting","alternatives":["shortest", "fastest", "default", "least_noisy", "most_ozonic", "least_polluted"]}
]
}
]
}

