{
"id":"C129", 
"services":[
{"name":"algorithm","alternatives":["dijkstra"]}
, {"name":"vehicle","alternatives":["car", "foot"]}
, {"name":"weighting","alternatives":["fastest"]}
]
,
"platforms":[
{
"id":"S575", 
"host":"http://d022m05.istic.univ-rennes1.fr:1534/",
"services":[
{"name":"algorithm","alternatives":["dijkstra"]}
, {"name":"vehicle","alternatives":["car"]}
, {"name":"weighting","alternatives":["fastest", "least_congested", "default"]}
]
}
, {
"id":"S7", 
"host":"http://e003m01.istic.univ-rennes1.fr:1537/",
"services":[
{"name":"algorithm","alternatives":["dijkstra"]}
, {"name":"vehicle","alternatives":["foot"]}
, {"name":"weighting","alternatives":["fastest", "default", "shortest", "least_congested"]}
]
}
, {
"id":"S704", 
"host":"http://d026m03.istic.univ-rennes1.fr:1532/",
"services":[
{"name":"algorithm","alternatives":["dijkstra"]}
, {"name":"vehicle","alternatives":["car", "foot", "bike"]}
, {"name":"weighting","alternatives":["default", "shortest", "least_polluted", "fastest"]}
]
}
]
}

