{
"id":"C173", 
"services":[
{"name":"algorithm","alternatives":["dijkstra"]}
, {"name":"vehicle","alternatives":["car", "bike"]}
, {"name":"weighting","alternatives":["fastest", "least_congested", "default"]}
]
,
"platforms":[
{
"id":"S436", 
"host":"http://e212m05.istic.univ-rennes1.fr:1540/",
"services":[
{"name":"algorithm","alternatives":["dijkstra"]}
, {"name":"vehicle","alternatives":["car", "bike"]}
, {"name":"weighting","alternatives":["fastest", "default", "least_polluted", "least_noisy", "shortest", "least_congested", "least_pollen", "most_scenic"]}
]
}
]
}

