{
"id":"C412", 
"services":[
{"name":"algorithm","alternatives":["dijkstra"]}
, {"name":"vehicle","alternatives":["car", "bike", "motorcycle"]}
, {"name":"weighting","alternatives":["least_congested", "default", "least_polluted"]}
]
,
"platforms":[
{
"id":"S51", 
"host":"http://e003m06.istic.univ-rennes1.fr:1531/",
"services":[
{"name":"algorithm","alternatives":["dijkstra"]}
, {"name":"vehicle","alternatives":["car"]}
, {"name":"weighting","alternatives":["default", "least_polluted", "fastest", "shortest", "least_congested", "least_noisy"]}
]
}
, {
"id":"S150", 
"host":"http://e103m05.istic.univ-rennes1.fr:1540/",
"services":[
{"name":"algorithm","alternatives":["dijkstra"]}
, {"name":"vehicle","alternatives":["car", "bike"]}
, {"name":"weighting","alternatives":["fastest", "shortest", "default"]}
]
}
, {
"id":"S674", 
"host":"http://d024m09.istic.univ-rennes1.fr:1532/",
"services":[
{"name":"algorithm","alternatives":["dijkstra"]}
, {"name":"vehicle","alternatives":["car", "bike", "motorcycle", "foot"]}
, {"name":"weighting","alternatives":["fastest", "least_congested", "least_pollen", "default", "shortest", "most_ozonic", "least_polluted"]}
]
}
]
}

