{
"id":"C856", 
"services":[
{"name":"algorithm","alternatives":["dijkstra"]}
, {"name":"vehicle","alternatives":["foot"]}
, {"name":"weighting","alternatives":["fastest", "least_polluted"]}
]
,
"platforms":[
{
"id":"S171", 
"host":"http://e103m07.istic.univ-rennes1.fr:1540/",
"services":[
{"name":"algorithm","alternatives":["dijkstra"]}
, {"name":"vehicle","alternatives":["foot"]}
, {"name":"weighting","alternatives":["fastest", "default", "shortest"]}
]
}
, {
"id":"S225", 
"host":"http://e008m04.istic.univ-rennes1.fr:1533/",
"services":[
{"name":"algorithm","alternatives":["dijkstra"]}
, {"name":"vehicle","alternatives":["car", "foot"]}
, {"name":"weighting","alternatives":["default", "fastest", "least_polluted", "least_congested", "least_pollen", "shortest", "most_ozonic"]}
]
}
]
}

