{
"id":"C1363", 
"services":[
{"name":"algorithm","alternatives":["dijkstra"]}
, {"name":"vehicle","alternatives":["foot", "car"]}
, {"name":"weighting","alternatives":["least_noisy"]}
]
,
"platforms":[
{
"id":"S549", 
"host":"http://d020m10.istic.univ-rennes1.fr:1533/",
"services":[
{"name":"algorithm","alternatives":["dijkstra"]}
, {"name":"vehicle","alternatives":["car"]}
, {"name":"weighting","alternatives":["fastest", "least_noisy", "least_polluted", "least_congested", "default", "shortest", "most_ozonic", "least_pollen"]}
]
}
, {
"id":"S795", 
"host":"http://d028m05.istic.univ-rennes1.fr:1533/",
"services":[
{"name":"algorithm","alternatives":["dijkstra"]}
, {"name":"vehicle","alternatives":["foot"]}
, {"name":"weighting","alternatives":["default", "fastest", "shortest", "least_noisy", "most_ozonic", "least_polluted"]}
]
}
, {
"id":"S346", 
"host":"http://e105m06.istic.univ-rennes1.fr:1531/",
"services":[
{"name":"algorithm","alternatives":["dijkstra"]}
, {"name":"vehicle","alternatives":["car", "foot"]}
, {"name":"weighting","alternatives":["fastest", "default", "least_polluted", "least_congested", "shortest", "least_noisy"]}
]
}
]
}

