{
"id":"C697", 
"services":[
{"name":"algorithm","alternatives":["dijkstra"]}
, {"name":"vehicle","alternatives":["car"]}
, {"name":"weighting","alternatives":["fastest", "default", "shortest", "least_congested", "least_polluted"]}
]
,
"platforms":[
{
"id":"S569", 
"host":"http://d022m04.istic.univ-rennes1.fr:1533/",
"services":[
{"name":"algorithm","alternatives":["dijkstra"]}
, {"name":"vehicle","alternatives":["car", "foot", "scooter"]}
, {"name":"weighting","alternatives":["shortest", "fastest"]}
]
}
, {
"id":"S289", 
"host":"http://e008m10.istic.univ-rennes1.fr:1535/",
"services":[
{"name":"algorithm","alternatives":["dijkstra"]}
, {"name":"vehicle","alternatives":["car"]}
, {"name":"weighting","alternatives":["shortest", "fastest", "default", "most_ozonic", "least_noisy", "least_congested", "least_pollen", "least_polluted"]}
]
}
]
}

