{
"id":"C453", 
"services":[
{"name":"algorithm","alternatives":["dijkstra"]}
, {"name":"vehicle","alternatives":["car"]}
, {"name":"weighting","alternatives":["shortest", "least_congested", "fastest"]}
]
,
"platforms":[
{
"id":"S145", 
"host":"http://e103m05.istic.univ-rennes1.fr:1535/",
"services":[
{"name":"algorithm","alternatives":["dijkstra"]}
, {"name":"vehicle","alternatives":["car"]}
, {"name":"weighting","alternatives":["fastest"]}
]
}
, {
"id":"S364", 
"host":"http://e105m07.istic.univ-rennes1.fr:1538/",
"services":[
{"name":"algorithm","alternatives":["dijkstra"]}
, {"name":"vehicle","alternatives":["car", "foot"]}
, {"name":"weighting","alternatives":["least_congested", "default", "shortest"]}
]
}
, {
"id":"S556", 
"host":"http://d022m02.istic.univ-rennes1.fr:1535/",
"services":[
{"name":"algorithm","alternatives":["dijkstra"]}
, {"name":"vehicle","alternatives":["car"]}
, {"name":"weighting","alternatives":["fastest", "least_noisy", "least_congested"]}
]
}
, {
"id":"S543", 
"host":"http://d020m09.istic.univ-rennes1.fr:1532/",
"services":[
{"name":"algorithm","alternatives":["dijkstra"]}
, {"name":"vehicle","alternatives":["car"]}
, {"name":"weighting","alternatives":["fastest", "least_polluted", "most_scenic", "shortest", "default"]}
]
}
, {
"id":"S706", 
"host":"http://d026m03.istic.univ-rennes1.fr:1534/",
"services":[
{"name":"algorithm","alternatives":["dijkstra"]}
, {"name":"vehicle","alternatives":["car"]}
, {"name":"weighting","alternatives":["least_congested", "shortest", "default", "fastest"]}
]
}
]
}

