{
"id":"C563", 
"services":[
{"name":"algorithm","alternatives":["dijkstra"]}
, {"name":"vehicle","alternatives":["car"]}
, {"name":"weighting","alternatives":["least_noisy", "default"]}
]
,
"platforms":[
{
"id":"S772", 
"host":"http://d028m01.istic.univ-rennes1.fr:1535/",
"services":[
{"name":"algorithm","alternatives":["dijkstra"]}
, {"name":"vehicle","alternatives":["car", "bike"]}
, {"name":"weighting","alternatives":["least_polluted", "shortest", "fastest", "default", "least_congested", "least_noisy"]}
]
}
]
}

