{
"id":"C711", 
"services":[
{"name":"algorithm","alternatives":["astar"]}
, {"name":"vehicle","alternatives":["foot"]}
, {"name":"weighting","alternatives":["default", "fastest", "shortest", "least_noisy"]}
]
,
"platforms":[
{
"id":"S420", 
"host":"http://e212m04.istic.univ-rennes1.fr:1534/",
"services":[
{"name":"algorithm","alternatives":["astar"]}
, {"name":"vehicle","alternatives":["car", "foot"]}
, {"name":"weighting","alternatives":["least_congested", "fastest", "default"]}
]
}
, {
"id":"S333", 
"host":"http://e105m04.istic.univ-rennes1.fr:1539/",
"services":[
{"name":"algorithm","alternatives":["astar"]}
, {"name":"vehicle","alternatives":["foot"]}
, {"name":"weighting","alternatives":["shortest", "fastest", "default"]}
]
}
, {
"id":"S80", 
"host":"http://e003m08.istic.univ-rennes1.fr:1540/",
"services":[
{"name":"algorithm","alternatives":["astar"]}
, {"name":"vehicle","alternatives":["car", "bike", "foot"]}
, {"name":"weighting","alternatives":["default", "least_noisy", "fastest", "least_polluted", "least_congested", "least_pollen", "shortest", "most_ozonic"]}
]
}
]
}

