{
"id":"C231", 
"services":[
{"name":"algorithm","alternatives":["dijkstra"]}
, {"name":"vehicle","alternatives":["car"]}
, {"name":"weighting","alternatives":["default", "shortest", "fastest", "least_congested"]}
]
,
"platforms":[
{
"id":"S445", 
"host":"http://e212m06.istic.univ-rennes1.fr:1539/",
"services":[
{"name":"algorithm","alternatives":["dijkstra"]}
, {"name":"vehicle","alternatives":["car"]}
, {"name":"weighting","alternatives":["default"]}
]
}
, {
"id":"S231", 
"host":"http://e008m04.istic.univ-rennes1.fr:1539/",
"services":[
{"name":"algorithm","alternatives":["dijkstra"]}
, {"name":"vehicle","alternatives":["bike", "car"]}
, {"name":"weighting","alternatives":["default", "least_noisy", "fastest", "shortest", "least_congested"]}
]
}
]
}

