{
"id":"C309", 
"services":[
{"name":"algorithm","alternatives":["dijkstra"]}
, {"name":"vehicle","alternatives":["car", "foot", "bike"]}
, {"name":"weighting","alternatives":["fastest", "least_noisy"]}
]
,
"platforms":[
{
"id":"S438", 
"host":"http://e212m06.istic.univ-rennes1.fr:1532/",
"services":[
{"name":"algorithm","alternatives":["dijkstra"]}
, {"name":"vehicle","alternatives":["car", "bike", "motorcycle"]}
, {"name":"weighting","alternatives":["fastest", "default", "least_polluted"]}
]
}
, {
"id":"S626", 
"host":"http://d022m10.istic.univ-rennes1.fr:1540/",
"services":[
{"name":"algorithm","alternatives":["dijkstra"]}
, {"name":"vehicle","alternatives":["car", "foot"]}
, {"name":"weighting","alternatives":["shortest", "default", "fastest", "least_congested"]}
]
}
, {
"id":"S657", 
"host":"http://d024m06.istic.univ-rennes1.fr:1531/",
"services":[
{"name":"algorithm","alternatives":["dijkstra"]}
, {"name":"vehicle","alternatives":["car", "bike"]}
, {"name":"weighting","alternatives":["default", "least_polluted", "least_noisy", "shortest"]}
]
}
, {
"id":"S237", 
"host":"http://e008m05.istic.univ-rennes1.fr:1535/",
"services":[
{"name":"algorithm","alternatives":["dijkstra"]}
, {"name":"vehicle","alternatives":["car", "foot", "motorcycle", "bike"]}
, {"name":"weighting","alternatives":["fastest", "default", "least_polluted", "shortest", "most_scenic", "least_congested", "least_pollen"]}
]
}
, {
"id":"S19", 
"host":"http://e003m02.istic.univ-rennes1.fr:1539/",
"services":[
{"name":"algorithm","alternatives":["dijkstra"]}
, {"name":"vehicle","alternatives":["car", "bike", "foot"]}
, {"name":"weighting","alternatives":["least_polluted", "fastest", "default", "least_noisy", "least_congested", "shortest"]}
]
}
]
}

