{
"id":"C1313", 
"services":[
{"name":"algorithm","alternatives":["dijkstra"]}
, {"name":"vehicle","alternatives":["car", "bike"]}
, {"name":"weighting","alternatives":["default", "least_congested"]}
]
,
"platforms":[
{
"id":"S340", 
"host":"http://e105m05.istic.univ-rennes1.fr:1536/",
"services":[
{"name":"algorithm","alternatives":["dijkstra"]}
, {"name":"vehicle","alternatives":["car", "bike", "foot"]}
, {"name":"weighting","alternatives":["default"]}
]
}
, {
"id":"S463", 
"host":"http://e212m08.istic.univ-rennes1.fr:1537/",
"services":[
{"name":"algorithm","alternatives":["dijkstra"]}
, {"name":"vehicle","alternatives":["car"]}
, {"name":"weighting","alternatives":["default", "least_congested", "fastest", "shortest", "least_noisy"]}
]
}
, {
"id":"S53", 
"host":"http://e003m06.istic.univ-rennes1.fr:1533/",
"services":[
{"name":"algorithm","alternatives":["dijkstra"]}
, {"name":"vehicle","alternatives":["car", "bike"]}
, {"name":"weighting","alternatives":["least_congested", "default", "fastest", "most_scenic", "shortest", "least_pollen"]}
]
}
]
}

