{
"id":"C61", 
"services":[
{"name":"algorithm","alternatives":["dijkstra"]}
, {"name":"vehicle","alternatives":["car", "motorcycle"]}
, {"name":"weighting","alternatives":["fastest", "default", "least_pollen", "least_noisy"]}
]
,
"platforms":[
{
"id":"S2", 
"host":"http://e003m01.istic.univ-rennes1.fr:1532/",
"services":[
{"name":"algorithm","alternatives":["dijkstra"]}
, {"name":"vehicle","alternatives":["car", "bike"]}
, {"name":"weighting","alternatives":["default", "fastest", "least_congested", "shortest"]}
]
}
, {
"id":"S204", 
"host":"http://e008m02.istic.univ-rennes1.fr:1532/",
"services":[
{"name":"algorithm","alternatives":["dijkstra"]}
, {"name":"vehicle","alternatives":["foot", "car", "bike"]}
, {"name":"weighting","alternatives":["fastest", "shortest", "default", "least_congested", "least_noisy"]}
]
}
, {
"id":"S417", 
"host":"http://e212m04.istic.univ-rennes1.fr:1531/",
"services":[
{"name":"algorithm","alternatives":["dijkstra"]}
, {"name":"vehicle","alternatives":["car", "motorcycle", "bike"]}
, {"name":"weighting","alternatives":["fastest", "shortest"]}
]
}
, {
"id":"S116", 
"host":"http://e103m02.istic.univ-rennes1.fr:1536/",
"services":[
{"name":"algorithm","alternatives":["dijkstra"]}
, {"name":"vehicle","alternatives":["car", "foot"]}
, {"name":"weighting","alternatives":["default", "fastest", "least_congested", "least_noisy", "shortest", "least_pollen"]}
]
}
, {
"id":"S117", 
"host":"http://e103m02.istic.univ-rennes1.fr:1537/",
"services":[
{"name":"algorithm","alternatives":["dijkstra"]}
, {"name":"vehicle","alternatives":["car", "bike", "motorcycle", "foot"]}
, {"name":"weighting","alternatives":["fastest", "shortest", "default", "least_congested"]}
]
}
, {
"id":"S643", 
"host":"http://d024m03.istic.univ-rennes1.fr:1532/",
"services":[
{"name":"algorithm","alternatives":["dijkstra"]}
, {"name":"vehicle","alternatives":["car", "motorcycle", "foot"]}
, {"name":"weighting","alternatives":["least_polluted", "least_congested", "least_noisy", "fastest", "default", "most_scenic"]}
]
}
, {
"id":"S806", 
"host":"http://d028m06.istic.univ-rennes1.fr:1534/",
"services":[
{"name":"algorithm","alternatives":["dijkstra"]}
, {"name":"vehicle","alternatives":["car", "bike", "motorcycle", "foot"]}
, {"name":"weighting","alternatives":["fastest", "least_polluted", "default", "least_pollen", "least_congested", "shortest", "least_noisy"]}
]
}
]
}

