{
"id":"C982", 
"services":[
{"name":"algorithm","alternatives":["dijkstra"]}
, {"name":"vehicle","alternatives":["scooter", "car", "bike", "foot"]}
, {"name":"weighting","alternatives":["fastest", "default", "shortest"]}
]
,
"platforms":[
{
"id":"S690", 
"host":"http://d026m01.istic.univ-rennes1.fr:1533/",
"services":[
{"name":"algorithm","alternatives":["dijkstra"]}
, {"name":"vehicle","alternatives":["bike"]}
, {"name":"weighting","alternatives":["fastest", "least_congested", "default", "least_polluted"]}
]
}
, {
"id":"S617", 
"host":"http://d022m10.istic.univ-rennes1.fr:1531/",
"services":[
{"name":"algorithm","alternatives":["dijkstra"]}
, {"name":"vehicle","alternatives":["car", "bike", "foot"]}
, {"name":"weighting","alternatives":["fastest", "default"]}
]
}
, {
"id":"S518", 
"host":"http://d020m04.istic.univ-rennes1.fr:1532/",
"services":[
{"name":"algorithm","alternatives":["dijkstra"]}
, {"name":"vehicle","alternatives":["car", "bike"]}
, {"name":"weighting","alternatives":["fastest", "least_polluted", "default", "least_congested", "shortest"]}
]
}
, {
"id":"S374", 
"host":"http://e105m08.istic.univ-rennes1.fr:1538/",
"services":[
{"name":"algorithm","alternatives":["dijkstra"]}
, {"name":"vehicle","alternatives":["foot", "car", "bike"]}
, {"name":"weighting","alternatives":["shortest", "least_congested", "fastest"]}
]
}
, {
"id":"S346", 
"host":"http://e105m06.istic.univ-rennes1.fr:1531/",
"services":[
{"name":"algorithm","alternatives":["dijkstra"]}
, {"name":"vehicle","alternatives":["car", "foot"]}
, {"name":"weighting","alternatives":["fastest", "default", "least_polluted", "least_congested", "shortest", "least_noisy"]}
]
}
, {
"id":"S339", 
"host":"http://e105m05.istic.univ-rennes1.fr:1535/",
"services":[
{"name":"algorithm","alternatives":["dijkstra"]}
, {"name":"vehicle","alternatives":["car", "bike", "foot"]}
, {"name":"weighting","alternatives":["shortest", "fastest", "default"]}
]
}
, {
"id":"S744", 
"host":"http://d026m07.istic.univ-rennes1.fr:1537/",
"services":[
{"name":"algorithm","alternatives":["dijkstra"]}
, {"name":"vehicle","alternatives":["car", "bike", "scooter"]}
, {"name":"weighting","alternatives":["least_polluted", "fastest"]}
]
}
, {
"id":"S675", 
"host":"http://d024m09.istic.univ-rennes1.fr:1533/",
"services":[
{"name":"algorithm","alternatives":["dijkstra"]}
, {"name":"vehicle","alternatives":["car", "scooter", "motorcycle"]}
, {"name":"weighting","alternatives":["least_congested", "fastest", "default"]}
]
}
, {
"id":"S611", 
"host":"http://d022m08.istic.univ-rennes1.fr:1540/",
"services":[
{"name":"algorithm","alternatives":["dijkstra"]}
, {"name":"vehicle","alternatives":["scooter", "car", "bike"]}
, {"name":"weighting","alternatives":["shortest"]}
]
}
, {
"id":"S751", 
"host":"http://d026m08.istic.univ-rennes1.fr:1534/",
"services":[
{"name":"algorithm","alternatives":["dijkstra"]}
, {"name":"vehicle","alternatives":["scooter"]}
, {"name":"weighting","alternatives":["fastest", "default", "least_congested", "shortest"]}
]
}
, {
"id":"S569", 
"host":"http://d022m04.istic.univ-rennes1.fr:1533/",
"services":[
{"name":"algorithm","alternatives":["dijkstra"]}
, {"name":"vehicle","alternatives":["car", "foot", "scooter"]}
, {"name":"weighting","alternatives":["shortest", "fastest"]}
]
}
, {
"id":"S623", 
"host":"http://d022m10.istic.univ-rennes1.fr:1537/",
"services":[
{"name":"algorithm","alternatives":["dijkstra"]}
, {"name":"vehicle","alternatives":["bike", "car", "scooter", "foot"]}
, {"name":"weighting","alternatives":["fastest", "default", "shortest"]}
]
}
]
}

