{
"id":"C385", 
"services":[
{"name":"algorithm","alternatives":["dijkstra"]}
, {"name":"vehicle","alternatives":["car", "bike", "foot"]}
, {"name":"weighting","alternatives":["shortest"]}
]
,
"platforms":[
{
"id":"S216", 
"host":"http://e008m03.istic.univ-rennes1.fr:1534/",
"services":[
{"name":"algorithm","alternatives":["dijkstra"]}
, {"name":"vehicle","alternatives":["car"]}
, {"name":"weighting","alternatives":["fastest", "most_ozonic", "shortest", "least_congested", "default", "least_polluted"]}
]
}
, {
"id":"S451", 
"host":"http://e212m07.istic.univ-rennes1.fr:1535/",
"services":[
{"name":"algorithm","alternatives":["dijkstra"]}
, {"name":"vehicle","alternatives":["foot"]}
, {"name":"weighting","alternatives":["default", "least_congested", "shortest", "fastest", "least_noisy"]}
]
}
, {
"id":"S258", 
"host":"http://e008m07.istic.univ-rennes1.fr:1535/",
"services":[
{"name":"algorithm","alternatives":["dijkstra"]}
, {"name":"vehicle","alternatives":["bike"]}
, {"name":"weighting","alternatives":["fastest", "least_congested", "shortest"]}
]
}
, {
"id":"S331", 
"host":"http://e105m04.istic.univ-rennes1.fr:1537/",
"services":[
{"name":"algorithm","alternatives":["dijkstra"]}
, {"name":"vehicle","alternatives":["car", "bike"]}
, {"name":"weighting","alternatives":["fastest", "least_polluted", "shortest"]}
]
}
, {
"id":"S283", 
"host":"http://e008m09.istic.univ-rennes1.fr:1539/",
"services":[
{"name":"algorithm","alternatives":["dijkstra"]}
, {"name":"vehicle","alternatives":["foot", "bike", "car", "motorcycle"]}
, {"name":"weighting","alternatives":["least_congested", "fastest", "default", "shortest", "least_noisy", "least_pollen", "least_polluted", "most_ozonic"]}
]
}
]
}

