{
"id":"C499", 
"services":[
{"name":"algorithm","alternatives":["dijkstra"]}
, {"name":"vehicle","alternatives":["car", "foot"]}
, {"name":"weighting","alternatives":["least_noisy", "default", "fastest"]}
]
,
"platforms":[
{
"id":"S83", 
"host":"http://e003m09.istic.univ-rennes1.fr:1533/",
"services":[
{"name":"algorithm","alternatives":["dijkstra"]}
, {"name":"vehicle","alternatives":["car", "bike", "foot"]}
, {"name":"weighting","alternatives":["fastest", "default", "least_congested", "least_polluted", "shortest", "least_noisy", "least_pollen", "most_ozonic"]}
]
}
]
}

