{
"id":"C520", 
"services":[
{"name":"algorithm","alternatives":["dijkstra"]}
, {"name":"vehicle","alternatives":["car"]}
, {"name":"weighting","alternatives":["fastest", "shortest"]}
]
,
"platforms":[
{
"id":"S65", 
"host":"http://e003m07.istic.univ-rennes1.fr:1535/",
"services":[
{"name":"algorithm","alternatives":["dijkstra"]}
, {"name":"vehicle","alternatives":["car", "motorcycle"]}
, {"name":"weighting","alternatives":["fastest", "default", "shortest", "least_polluted", "least_noisy"]}
]
}
]
}

