{
"id":"C956", 
"services":[
{"name":"algorithm","alternatives":["dijkstra"]}
, {"name":"vehicle","alternatives":["car", "bike", "motorcycle"]}
, {"name":"weighting","alternatives":["least_congested"]}
]
,
"platforms":[
{
"id":"S366", 
"host":"http://e105m07.istic.univ-rennes1.fr:1540/",
"services":[
{"name":"algorithm","alternatives":["dijkstra"]}
, {"name":"vehicle","alternatives":["bike"]}
, {"name":"weighting","alternatives":["least_noisy", "shortest", "fastest", "default", "least_congested", "least_polluted"]}
]
}
, {
"id":"S141", 
"host":"http://e103m05.istic.univ-rennes1.fr:1531/",
"services":[
{"name":"algorithm","alternatives":["dijkstra"]}
, {"name":"vehicle","alternatives":["car", "foot"]}
, {"name":"weighting","alternatives":["fastest", "least_noisy", "shortest", "default", "least_congested", "most_scenic", "least_polluted"]}
]
}
, {
"id":"S83", 
"host":"http://e003m09.istic.univ-rennes1.fr:1533/",
"services":[
{"name":"algorithm","alternatives":["dijkstra"]}
, {"name":"vehicle","alternatives":["car", "bike", "foot"]}
, {"name":"weighting","alternatives":["fastest", "default", "least_congested", "least_polluted", "shortest", "least_noisy", "least_pollen", "most_ozonic"]}
]
}
, {
"id":"S582", 
"host":"http://d022m06.istic.univ-rennes1.fr:1531/",
"services":[
{"name":"algorithm","alternatives":["dijkstra"]}
, {"name":"vehicle","alternatives":["car", "bike", "motorcycle", "foot"]}
, {"name":"weighting","alternatives":["default", "least_congested"]}
]
}
]
}

