{
"id":"C1210", 
"services":[
{"name":"algorithm","alternatives":["dijkstra"]}
, {"name":"vehicle","alternatives":["car", "bike", "motorcycle"]}
, {"name":"weighting","alternatives":["default", "fastest", "least_congested", "shortest"]}
]
,
"platforms":[
{
"id":"S315", 
"host":"http://e105m03.istic.univ-rennes1.fr:1531/",
"services":[
{"name":"algorithm","alternatives":["dijkstra"]}
, {"name":"vehicle","alternatives":["bike", "car"]}
, {"name":"weighting","alternatives":["fastest", "least_congested", "least_polluted", "shortest"]}
]
}
, {
"id":"S531", 
"host":"http://d020m05.istic.univ-rennes1.fr:1535/",
"services":[
{"name":"algorithm","alternatives":["dijkstra"]}
, {"name":"vehicle","alternatives":["car"]}
, {"name":"weighting","alternatives":["fastest", "least_congested", "default"]}
]
}
, {
"id":"S527", 
"host":"http://d020m05.istic.univ-rennes1.fr:1531/",
"services":[
{"name":"algorithm","alternatives":["dijkstra"]}
, {"name":"vehicle","alternatives":["car", "foot"]}
, {"name":"weighting","alternatives":["shortest", "default"]}
]
}
, {
"id":"S424", 
"host":"http://e212m04.istic.univ-rennes1.fr:1538/",
"services":[
{"name":"algorithm","alternatives":["dijkstra"]}
, {"name":"vehicle","alternatives":["bike"]}
, {"name":"weighting","alternatives":["default", "least_polluted", "fastest", "least_noisy", "shortest"]}
]
}
, {
"id":"S118", 
"host":"http://e103m02.istic.univ-rennes1.fr:1538/",
"services":[
{"name":"algorithm","alternatives":["dijkstra"]}
, {"name":"vehicle","alternatives":["car"]}
, {"name":"weighting","alternatives":["fastest", "default", "shortest", "least_congested", "most_ozonic", "least_noisy"]}
]
}
, {
"id":"S778", 
"host":"http://d028m03.istic.univ-rennes1.fr:1531/",
"services":[
{"name":"algorithm","alternatives":["dijkstra"]}
, {"name":"vehicle","alternatives":["car", "bike"]}
, {"name":"weighting","alternatives":["least_congested", "fastest", "default", "least_polluted", "least_noisy", "shortest"]}
]
}
, {
"id":"S323", 
"host":"http://e105m03.istic.univ-rennes1.fr:1539/",
"services":[
{"name":"algorithm","alternatives":["dijkstra"]}
, {"name":"vehicle","alternatives":["car", "motorcycle", "bike"]}
, {"name":"weighting","alternatives":["least_congested", "fastest", "default", "least_noisy", "most_scenic", "least_polluted"]}
]
}
, {
"id":"S830", 
"host":"http://d028m09.istic.univ-rennes1.fr:1538/",
"services":[
{"name":"algorithm","alternatives":["dijkstra"]}
, {"name":"vehicle","alternatives":["motorcycle", "car"]}
, {"name":"weighting","alternatives":["default", "fastest", "shortest", "least_congested", "least_pollen"]}
]
}
, {
"id":"S417", 
"host":"http://e212m04.istic.univ-rennes1.fr:1531/",
"services":[
{"name":"algorithm","alternatives":["dijkstra"]}
, {"name":"vehicle","alternatives":["car", "motorcycle", "bike"]}
, {"name":"weighting","alternatives":["fastest", "shortest"]}
]
}
, {
"id":"S72", 
"host":"http://e003m08.istic.univ-rennes1.fr:1532/",
"services":[
{"name":"algorithm","alternatives":["dijkstra"]}
, {"name":"vehicle","alternatives":["car", "bike", "motorcycle"]}
, {"name":"weighting","alternatives":["default", "fastest", "most_scenic", "shortest", "least_congested"]}
]
}
]
}

