{
"id":"C348", 
"services":[
{"name":"algorithm","alternatives":["dijkstra"]}
, {"name":"vehicle","alternatives":["motorcycle"]}
, {"name":"weighting","alternatives":["least_congested", "default", "shortest"]}
]
,
"platforms":[
{
"id":"S806", 
"host":"http://d028m06.istic.univ-rennes1.fr:1534/",
"services":[
{"name":"algorithm","alternatives":["dijkstra"]}
, {"name":"vehicle","alternatives":["car", "bike", "motorcycle", "foot"]}
, {"name":"weighting","alternatives":["fastest", "least_polluted", "default", "least_pollen", "least_congested", "shortest", "least_noisy"]}
]
}
]
}

