{
"id":"C461", 
"services":[
{"name":"algorithm","alternatives":["dijkstra"]}
, {"name":"vehicle","alternatives":["car", "bike", "foot"]}
, {"name":"weighting","alternatives":["least_congested", "fastest", "most_ozonic"]}
]
,
"platforms":[
{
"id":"S835", 
"host":"http://d028m10.istic.univ-rennes1.fr:1533/",
"services":[
{"name":"algorithm","alternatives":["dijkstra"]}
, {"name":"vehicle","alternatives":["car"]}
, {"name":"weighting","alternatives":["default", "shortest", "fastest"]}
]
}
, {
"id":"S549", 
"host":"http://d020m10.istic.univ-rennes1.fr:1533/",
"services":[
{"name":"algorithm","alternatives":["dijkstra"]}
, {"name":"vehicle","alternatives":["car"]}
, {"name":"weighting","alternatives":["fastest", "least_noisy", "least_polluted", "least_congested", "default", "shortest", "most_ozonic", "least_pollen"]}
]
}
, {
"id":"S454", 
"host":"http://e212m07.istic.univ-rennes1.fr:1538/",
"services":[
{"name":"algorithm","alternatives":["dijkstra"]}
, {"name":"vehicle","alternatives":["bike"]}
, {"name":"weighting","alternatives":["fastest", "least_polluted", "most_ozonic", "least_noisy", "default", "shortest", "least_congested", "least_pollen"]}
]
}
, {
"id":"S456", 
"host":"http://e212m07.istic.univ-rennes1.fr:1540/",
"services":[
{"name":"algorithm","alternatives":["dijkstra"]}
, {"name":"vehicle","alternatives":["car", "bike", "foot", "motorcycle"]}
, {"name":"weighting","alternatives":["fastest", "least_polluted"]}
]
}
, {
"id":"S437", 
"host":"http://e212m06.istic.univ-rennes1.fr:1531/",
"services":[
{"name":"algorithm","alternatives":["dijkstra"]}
, {"name":"vehicle","alternatives":["car", "bike"]}
, {"name":"weighting","alternatives":["fastest", "default", "least_polluted", "least_congested"]}
]
}
, {
"id":"S848", 
"host":"http://d122m02.istic.univ-rennes1.fr:1531/",
"services":[
{"name":"algorithm","alternatives":["dijkstra"]}
, {"name":"vehicle","alternatives":["car", "bike", "motorcycle", "foot"]}
, {"name":"weighting","alternatives":["fastest", "default", "least_noisy", "shortest", "least_congested", "most_ozonic"]}
]
}
]
}

