{
"id":"C908", 
"services":[
{"name":"algorithm","alternatives":["dijkstra"]}
, {"name":"vehicle","alternatives":["bike"]}
, {"name":"weighting","alternatives":["fastest", "default", "least_congested"]}
]
,
"platforms":[
{
"id":"S512", 
"host":"http://d020m03.istic.univ-rennes1.fr:1536/",
"services":[
{"name":"algorithm","alternatives":["dijkstra"]}
, {"name":"vehicle","alternatives":["bike"]}
, {"name":"weighting","alternatives":["least_noisy", "fastest", "least_congested", "least_polluted", "default"]}
]
}
]
}

