{
"id":"C795", 
"services":[
{"name":"algorithm","alternatives":["dijkstra"]}
, {"name":"vehicle","alternatives":["car"]}
, {"name":"weighting","alternatives":["shortest", "fastest", "least_noisy"]}
]
,
"platforms":[
{
"id":"S125", 
"host":"http://e103m03.istic.univ-rennes1.fr:1535/",
"services":[
{"name":"algorithm","alternatives":["dijkstra"]}
, {"name":"vehicle","alternatives":["car"]}
, {"name":"weighting","alternatives":["shortest", "default", "fastest", "least_congested"]}
]
}
, {
"id":"S643", 
"host":"http://d024m03.istic.univ-rennes1.fr:1532/",
"services":[
{"name":"algorithm","alternatives":["dijkstra"]}
, {"name":"vehicle","alternatives":["car", "motorcycle", "foot"]}
, {"name":"weighting","alternatives":["least_polluted", "least_congested", "least_noisy", "fastest", "default", "most_scenic"]}
]
}
, {
"id":"S657", 
"host":"http://d024m06.istic.univ-rennes1.fr:1531/",
"services":[
{"name":"algorithm","alternatives":["dijkstra"]}
, {"name":"vehicle","alternatives":["car", "bike"]}
, {"name":"weighting","alternatives":["default", "least_polluted", "least_noisy", "shortest"]}
]
}
, {
"id":"S633", 
"host":"http://d024m01.istic.univ-rennes1.fr:1537/",
"services":[
{"name":"algorithm","alternatives":["dijkstra"]}
, {"name":"vehicle","alternatives":["car", "foot"]}
, {"name":"weighting","alternatives":["least_congested", "shortest", "most_scenic", "fastest", "least_noisy"]}
]
}
]
}

