{
"id":"C1213", 
"services":[
{"name":"algorithm","alternatives":["dijkstra"]}
, {"name":"vehicle","alternatives":["car", "bike"]}
, {"name":"weighting","alternatives":["fastest"]}
]
,
"platforms":[
{
"id":"S465", 
"host":"http://e212m08.istic.univ-rennes1.fr:1539/",
"services":[
{"name":"algorithm","alternatives":["dijkstra"]}
, {"name":"vehicle","alternatives":["motorcycle", "car"]}
, {"name":"weighting","alternatives":["least_noisy", "fastest", "default", "least_congested", "most_scenic"]}
]
}
, {
"id":"S580", 
"host":"http://d022m05.istic.univ-rennes1.fr:1539/",
"services":[
{"name":"algorithm","alternatives":["dijkstra"]}
, {"name":"vehicle","alternatives":["car", "bike"]}
, {"name":"weighting","alternatives":["fastest", "shortest", "default", "most_ozonic", "least_polluted"]}
]
}
]
}

