{
"id":"C947", 
"services":[
{"name":"algorithm","alternatives":["dijkstra"]}
, {"name":"vehicle","alternatives":["car", "foot", "bike"]}
, {"name":"weighting","alternatives":["fastest", "least_congested", "least_noisy"]}
]
,
"platforms":[
{
"id":"S730", 
"host":"http://d026m05.istic.univ-rennes1.fr:1538/",
"services":[
{"name":"algorithm","alternatives":["dijkstra"]}
, {"name":"vehicle","alternatives":["car"]}
, {"name":"weighting","alternatives":["least_noisy", "default", "fastest", "shortest", "least_congested", "least_polluted"]}
]
}
, {
"id":"S496", 
"host":"http://d020m01.istic.univ-rennes1.fr:1540/",
"services":[
{"name":"algorithm","alternatives":["dijkstra"]}
, {"name":"vehicle","alternatives":["foot"]}
, {"name":"weighting","alternatives":["default", "fastest", "least_congested", "least_pollen", "shortest", "least_polluted", "most_ozonic"]}
]
}
, {
"id":"S744", 
"host":"http://d026m07.istic.univ-rennes1.fr:1537/",
"services":[
{"name":"algorithm","alternatives":["dijkstra"]}
, {"name":"vehicle","alternatives":["car", "bike", "scooter"]}
, {"name":"weighting","alternatives":["least_polluted", "fastest"]}
]
}
, {
"id":"S785", 
"host":"http://d028m04.istic.univ-rennes1.fr:1533/",
"services":[
{"name":"algorithm","alternatives":["dijkstra"]}
, {"name":"vehicle","alternatives":["car", "bike", "foot"]}
, {"name":"weighting","alternatives":["default", "fastest"]}
]
}
, {
"id":"S119", 
"host":"http://e103m02.istic.univ-rennes1.fr:1539/",
"services":[
{"name":"algorithm","alternatives":["dijkstra"]}
, {"name":"vehicle","alternatives":["car", "bike"]}
, {"name":"weighting","alternatives":["fastest", "default", "least_noisy", "shortest", "least_congested"]}
]
}
, {
"id":"S370", 
"host":"http://e105m08.istic.univ-rennes1.fr:1534/",
"services":[
{"name":"algorithm","alternatives":["dijkstra"]}
, {"name":"vehicle","alternatives":["foot", "car", "bike"]}
, {"name":"weighting","alternatives":["shortest", "fastest", "default", "least_congested", "least_noisy"]}
]
}
]
}

