{
"id":"C261", 
"services":[
{"name":"algorithm","alternatives":["astar"]}
, {"name":"vehicle","alternatives":["car", "bike"]}
, {"name":"weighting","alternatives":["fastest"]}
]
,
"platforms":[
{
"id":"S114", 
"host":"http://e103m02.istic.univ-rennes1.fr:1534/",
"services":[
{"name":"algorithm","alternatives":["astar"]}
, {"name":"vehicle","alternatives":["car", "scooter"]}
, {"name":"weighting","alternatives":["fastest", "default", "shortest", "least_noisy"]}
]
}
, {
"id":"S63", 
"host":"http://e003m07.istic.univ-rennes1.fr:1533/",
"services":[
{"name":"algorithm","alternatives":["astar"]}
, {"name":"vehicle","alternatives":["car", "bike"]}
, {"name":"weighting","alternatives":["fastest", "default", "least_congested", "shortest", "least_polluted", "least_noisy", "least_pollen", "most_ozonic"]}
]
}
]
}

