{
"id":"C174", 
"services":[
{"name":"algorithm","alternatives":["dijkstra"]}
, {"name":"vehicle","alternatives":["bike", "car", "motorcycle", "foot"]}
, {"name":"weighting","alternatives":["fastest", "default"]}
]
,
"platforms":[
{
"id":"S390", 
"host":"http://e212m01.istic.univ-rennes1.fr:1534/",
"services":[
{"name":"algorithm","alternatives":["dijkstra"]}
, {"name":"vehicle","alternatives":["car"]}
, {"name":"weighting","alternatives":["fastest", "default", "least_polluted", "shortest", "least_congested", "least_noisy"]}
]
}
, {
"id":"S834", 
"host":"http://d028m10.istic.univ-rennes1.fr:1532/",
"services":[
{"name":"algorithm","alternatives":["dijkstra"]}
, {"name":"vehicle","alternatives":["motorcycle"]}
, {"name":"weighting","alternatives":["fastest"]}
]
}
, {
"id":"S736", 
"host":"http://d026m06.istic.univ-rennes1.fr:1534/",
"services":[
{"name":"algorithm","alternatives":["dijkstra"]}
, {"name":"vehicle","alternatives":["bike", "car"]}
, {"name":"weighting","alternatives":["default", "shortest", "fastest", "least_noisy", "least_polluted"]}
]
}
, {
"id":"S364", 
"host":"http://e105m07.istic.univ-rennes1.fr:1538/",
"services":[
{"name":"algorithm","alternatives":["dijkstra"]}
, {"name":"vehicle","alternatives":["car", "foot"]}
, {"name":"weighting","alternatives":["least_congested", "default", "shortest"]}
]
}
, {
"id":"S569", 
"host":"http://d022m04.istic.univ-rennes1.fr:1533/",
"services":[
{"name":"algorithm","alternatives":["dijkstra"]}
, {"name":"vehicle","alternatives":["car", "foot", "scooter"]}
, {"name":"weighting","alternatives":["shortest", "fastest"]}
]
}
, {
"id":"S267", 
"host":"http://e008m08.istic.univ-rennes1.fr:1533/",
"services":[
{"name":"algorithm","alternatives":["dijkstra"]}
, {"name":"vehicle","alternatives":["car", "bike", "foot"]}
, {"name":"weighting","alternatives":["fastest", "least_noisy", "least_congested"]}
]
}
, {
"id":"S701", 
"host":"http://d026m02.istic.univ-rennes1.fr:1539/",
"services":[
{"name":"algorithm","alternatives":["dijkstra"]}
, {"name":"vehicle","alternatives":["car", "motorcycle"]}
, {"name":"weighting","alternatives":["fastest", "default", "least_congested"]}
]
}
, {
"id":"S237", 
"host":"http://e008m05.istic.univ-rennes1.fr:1535/",
"services":[
{"name":"algorithm","alternatives":["dijkstra"]}
, {"name":"vehicle","alternatives":["car", "foot", "motorcycle", "bike"]}
, {"name":"weighting","alternatives":["fastest", "default", "least_polluted", "shortest", "most_scenic", "least_congested", "least_pollen"]}
]
}
]
}

