{
"id":"C862", 
"services":[
{"name":"algorithm","alternatives":["astar"]}
, {"name":"vehicle","alternatives":["car"]}
, {"name":"weighting","alternatives":["least_congested", "default", "fastest"]}
]
,
"platforms":[
{
"id":"S757", 
"host":"http://d026m09.istic.univ-rennes1.fr:1535/",
"services":[
{"name":"algorithm","alternatives":["astar"]}
, {"name":"vehicle","alternatives":["car"]}
, {"name":"weighting","alternatives":["fastest", "default", "least_noisy", "least_congested", "least_polluted", "most_scenic", "shortest"]}
]
}
]
}

