{
"id":"C718", 
"services":[
{"name":"algorithm","alternatives":["astar"]}
, {"name":"vehicle","alternatives":["car", "bike"]}
, {"name":"weighting","alternatives":["least_congested", "shortest", "fastest"]}
]
,
"platforms":[
{
"id":"S428", 
"host":"http://e212m05.istic.univ-rennes1.fr:1532/",
"services":[
{"name":"algorithm","alternatives":["astar"]}
, {"name":"vehicle","alternatives":["car"]}
, {"name":"weighting","alternatives":["default", "shortest"]}
]
}
, {
"id":"S142", 
"host":"http://e103m05.istic.univ-rennes1.fr:1532/",
"services":[
{"name":"algorithm","alternatives":["astar"]}
, {"name":"vehicle","alternatives":["car", "bike"]}
, {"name":"weighting","alternatives":["fastest", "most_ozonic", "least_congested"]}
]
}
, {
"id":"S616", 
"host":"http://d022m09.istic.univ-rennes1.fr:1535/",
"services":[
{"name":"algorithm","alternatives":["astar"]}
, {"name":"vehicle","alternatives":["car", "foot"]}
, {"name":"weighting","alternatives":["least_polluted", "default", "shortest", "fastest", "least_pollen"]}
]
}
, {
"id":"S251", 
"host":"http://e008m06.istic.univ-rennes1.fr:1538/",
"services":[
{"name":"algorithm","alternatives":["astar"]}
, {"name":"vehicle","alternatives":["bike"]}
, {"name":"weighting","alternatives":["default", "shortest", "fastest", "least_congested", "least_noisy", "least_polluted", "most_scenic", "least_pollen"]}
]
}
, {
"id":"S292", 
"host":"http://e008m10.istic.univ-rennes1.fr:1538/",
"services":[
{"name":"algorithm","alternatives":["astar"]}
, {"name":"vehicle","alternatives":["car"]}
, {"name":"weighting","alternatives":["fastest", "default", "shortest", "least_congested", "least_polluted", "most_ozonic"]}
]
}
, {
"id":"S164", 
"host":"http://e103m07.istic.univ-rennes1.fr:1534/",
"services":[
{"name":"algorithm","alternatives":["astar"]}
, {"name":"vehicle","alternatives":["car", "bike"]}
, {"name":"weighting","alternatives":["fastest", "least_polluted", "default", "shortest", "least_congested", "least_noisy", "most_ozonic", "least_pollen"]}
]
}
]
}

