{
"id":"C371", 
"services":[
{"name":"algorithm","alternatives":["dijkstra"]}
, {"name":"vehicle","alternatives":["car"]}
, {"name":"weighting","alternatives":["fastest", "least_polluted"]}
]
,
"platforms":[
{
"id":"S204", 
"host":"http://e008m02.istic.univ-rennes1.fr:1532/",
"services":[
{"name":"algorithm","alternatives":["dijkstra"]}
, {"name":"vehicle","alternatives":["foot", "car", "bike"]}
, {"name":"weighting","alternatives":["fastest", "shortest", "default", "least_congested", "least_noisy"]}
]
}
, {
"id":"S625", 
"host":"http://d022m10.istic.univ-rennes1.fr:1539/",
"services":[
{"name":"algorithm","alternatives":["dijkstra"]}
, {"name":"vehicle","alternatives":["car"]}
, {"name":"weighting","alternatives":["most_ozonic", "default", "fastest", "least_noisy", "least_polluted", "least_congested"]}
]
}
]
}

