{
"id":"C1197", 
"services":[
{"name":"algorithm","alternatives":["dijkstra"]}
, {"name":"vehicle","alternatives":["car", "motorcycle"]}
, {"name":"weighting","alternatives":["least_noisy", "shortest"]}
]
,
"platforms":[
{
"id":"S30", 
"host":"http://e003m03.istic.univ-rennes1.fr:1540/",
"services":[
{"name":"algorithm","alternatives":["dijkstra"]}
, {"name":"vehicle","alternatives":["car"]}
, {"name":"weighting","alternatives":["default", "fastest", "least_congested", "least_polluted", "least_noisy"]}
]
}
, {
"id":"S238", 
"host":"http://e008m05.istic.univ-rennes1.fr:1536/",
"services":[
{"name":"algorithm","alternatives":["dijkstra"]}
, {"name":"vehicle","alternatives":["car", "bike"]}
, {"name":"weighting","alternatives":["least_noisy", "fastest", "shortest", "default"]}
]
}
, {
"id":"S417", 
"host":"http://e212m04.istic.univ-rennes1.fr:1531/",
"services":[
{"name":"algorithm","alternatives":["dijkstra"]}
, {"name":"vehicle","alternatives":["car", "motorcycle", "bike"]}
, {"name":"weighting","alternatives":["fastest", "shortest"]}
]
}
, {
"id":"S397", 
"host":"http://e212m02.istic.univ-rennes1.fr:1531/",
"services":[
{"name":"algorithm","alternatives":["dijkstra"]}
, {"name":"vehicle","alternatives":["car", "bike", "motorcycle"]}
, {"name":"weighting","alternatives":["least_noisy", "default"]}
]
}
, {
"id":"S85", 
"host":"http://e003m09.istic.univ-rennes1.fr:1535/",
"services":[
{"name":"algorithm","alternatives":["dijkstra"]}
, {"name":"vehicle","alternatives":["car", "bike", "motorcycle"]}
, {"name":"weighting","alternatives":["least_noisy", "fastest", "default", "shortest"]}
]
}
]
}

