{
"id":"C1121", 
"services":[
{"name":"algorithm","alternatives":["dijkstra"]}
, {"name":"vehicle","alternatives":["car", "foot"]}
, {"name":"weighting","alternatives":["default", "shortest", "fastest"]}
]
,
"platforms":[
{
"id":"S156", 
"host":"http://e103m06.istic.univ-rennes1.fr:1536/",
"services":[
{"name":"algorithm","alternatives":["dijkstra"]}
, {"name":"vehicle","alternatives":["car", "foot"]}
, {"name":"weighting","alternatives":["shortest", "fastest", "default", "most_ozonic", "least_congested", "least_polluted"]}
]
}
]
}

