{
"id":"C28", 
"services":[
{"name":"algorithm","alternatives":["dijkstra"]}
, {"name":"vehicle","alternatives":["car", "bike"]}
, {"name":"weighting","alternatives":["least_congested", "default", "fastest", "most_ozonic"]}
]
,
"platforms":[
{
"id":"S230", 
"host":"http://e008m04.istic.univ-rennes1.fr:1538/",
"services":[
{"name":"algorithm","alternatives":["dijkstra"]}
, {"name":"vehicle","alternatives":["car"]}
, {"name":"weighting","alternatives":["default", "fastest", "least_noisy", "shortest"]}
]
}
, {
"id":"S17", 
"host":"http://e003m02.istic.univ-rennes1.fr:1537/",
"services":[
{"name":"algorithm","alternatives":["dijkstra"]}
, {"name":"vehicle","alternatives":["car"]}
, {"name":"weighting","alternatives":["fastest", "shortest", "least_congested"]}
]
}
, {
"id":"S695", 
"host":"http://d026m02.istic.univ-rennes1.fr:1533/",
"services":[
{"name":"algorithm","alternatives":["dijkstra"]}
, {"name":"vehicle","alternatives":["car"]}
, {"name":"weighting","alternatives":["least_polluted", "default", "least_congested", "fastest", "least_noisy", "least_pollen"]}
]
}
, {
"id":"S358", 
"host":"http://e105m07.istic.univ-rennes1.fr:1533/",
"services":[
{"name":"algorithm","alternatives":["dijkstra"]}
, {"name":"vehicle","alternatives":["bike"]}
, {"name":"weighting","alternatives":["least_polluted", "least_congested", "default", "fastest", "shortest", "least_noisy"]}
]
}
, {
"id":"S832", 
"host":"http://d028m09.istic.univ-rennes1.fr:1540/",
"services":[
{"name":"algorithm","alternatives":["dijkstra"]}
, {"name":"vehicle","alternatives":["car", "bike"]}
, {"name":"weighting","alternatives":["default", "least_congested", "fastest", "shortest", "least_noisy", "least_polluted"]}
]
}
, {
"id":"S401", 
"host":"http://e212m02.istic.univ-rennes1.fr:1535/",
"services":[
{"name":"algorithm","alternatives":["dijkstra"]}
, {"name":"vehicle","alternatives":["bike"]}
, {"name":"weighting","alternatives":["most_ozonic", "fastest"]}
]
}
, {
"id":"S454", 
"host":"http://e212m07.istic.univ-rennes1.fr:1538/",
"services":[
{"name":"algorithm","alternatives":["dijkstra"]}
, {"name":"vehicle","alternatives":["bike"]}
, {"name":"weighting","alternatives":["fastest", "least_polluted", "most_ozonic", "least_noisy", "default", "shortest", "least_congested", "least_pollen"]}
]
}
, {
"id":"S39", 
"host":"http://e003m04.istic.univ-rennes1.fr:1539/",
"services":[
{"name":"algorithm","alternatives":["dijkstra"]}
, {"name":"vehicle","alternatives":["foot", "car"]}
, {"name":"weighting","alternatives":["default", "fastest", "most_ozonic", "shortest"]}
]
}
, {
"id":"S618", 
"host":"http://d022m10.istic.univ-rennes1.fr:1532/",
"services":[
{"name":"algorithm","alternatives":["dijkstra"]}
, {"name":"vehicle","alternatives":["car", "foot"]}
, {"name":"weighting","alternatives":["least_congested", "least_polluted", "fastest", "default", "shortest", "most_ozonic"]}
]
}
, {
"id":"S742", 
"host":"http://d026m07.istic.univ-rennes1.fr:1535/",
"services":[
{"name":"algorithm","alternatives":["dijkstra"]}
, {"name":"vehicle","alternatives":["bike", "car"]}
, {"name":"weighting","alternatives":["default", "fastest", "shortest", "least_polluted", "most_ozonic"]}
]
}
, {
"id":"S689", 
"host":"http://d026m01.istic.univ-rennes1.fr:1532/",
"services":[
{"name":"algorithm","alternatives":["dijkstra"]}
, {"name":"vehicle","alternatives":["car", "bike"]}
, {"name":"weighting","alternatives":["default", "fastest", "shortest", "least_noisy", "most_ozonic", "least_congested", "most_scenic"]}
]
}
]
}

