{
"id":"C1375", 
"services":[
{"name":"algorithm","alternatives":["dijkstra"]}
, {"name":"vehicle","alternatives":["car", "motorcycle"]}
, {"name":"weighting","alternatives":["least_pollen", "fastest", "least_polluted", "default", "least_congested"]}
]
,
"platforms":[
{
"id":"S395", 
"host":"http://e212m01.istic.univ-rennes1.fr:1539/",
"services":[
{"name":"algorithm","alternatives":["dijkstra"]}
, {"name":"vehicle","alternatives":["car", "bike"]}
, {"name":"weighting","alternatives":["shortest", "fastest", "most_ozonic", "least_pollen"]}
]
}
, {
"id":"S36", 
"host":"http://e003m04.istic.univ-rennes1.fr:1536/",
"services":[
{"name":"algorithm","alternatives":["dijkstra"]}
, {"name":"vehicle","alternatives":["car"]}
, {"name":"weighting","alternatives":["default", "fastest", "least_polluted"]}
]
}
, {
"id":"S162", 
"host":"http://e103m07.istic.univ-rennes1.fr:1532/",
"services":[
{"name":"algorithm","alternatives":["dijkstra"]}
, {"name":"vehicle","alternatives":["car"]}
, {"name":"weighting","alternatives":["fastest", "least_congested", "default", "shortest"]}
]
}
, {
"id":"S508", 
"host":"http://d020m03.istic.univ-rennes1.fr:1532/",
"services":[
{"name":"algorithm","alternatives":["dijkstra"]}
, {"name":"vehicle","alternatives":["car"]}
, {"name":"weighting","alternatives":["fastest", "shortest", "least_congested", "default", "least_noisy", "most_ozonic", "least_polluted", "most_scenic"]}
]
}
, {
"id":"S771", 
"host":"http://d028m01.istic.univ-rennes1.fr:1534/",
"services":[
{"name":"algorithm","alternatives":["dijkstra"]}
, {"name":"vehicle","alternatives":["car", "motorcycle"]}
, {"name":"weighting","alternatives":["fastest", "default"]}
]
}
, {
"id":"S359", 
"host":"http://e105m07.istic.univ-rennes1.fr:1534/",
"services":[
{"name":"algorithm","alternatives":["dijkstra"]}
, {"name":"vehicle","alternatives":["car"]}
, {"name":"weighting","alternatives":["fastest", "default", "shortest", "least_congested", "least_noisy", "least_polluted", "least_pollen", "most_ozonic"]}
]
}
, {
"id":"S185", 
"host":"http://e103m09.istic.univ-rennes1.fr:1534/",
"services":[
{"name":"algorithm","alternatives":["dijkstra"]}
, {"name":"vehicle","alternatives":["car", "bike", "motorcycle"]}
, {"name":"weighting","alternatives":["least_polluted", "default"]}
]
}
, {
"id":"S65", 
"host":"http://e003m07.istic.univ-rennes1.fr:1535/",
"services":[
{"name":"algorithm","alternatives":["dijkstra"]}
, {"name":"vehicle","alternatives":["car", "motorcycle"]}
, {"name":"weighting","alternatives":["fastest", "default", "shortest", "least_polluted", "least_noisy"]}
]
}
, {
"id":"S189", 
"host":"http://e103m09.istic.univ-rennes1.fr:1538/",
"services":[
{"name":"algorithm","alternatives":["dijkstra"]}
, {"name":"vehicle","alternatives":["motorcycle", "car", "foot"]}
, {"name":"weighting","alternatives":["least_noisy", "least_congested", "shortest", "least_polluted"]}
]
}
, {
"id":"S627", 
"host":"http://d024m01.istic.univ-rennes1.fr:1531/",
"services":[
{"name":"algorithm","alternatives":["dijkstra"]}
, {"name":"vehicle","alternatives":["car", "motorcycle"]}
, {"name":"weighting","alternatives":["default", "shortest", "fastest", "least_noisy", "least_pollen"]}
]
}
, {
"id":"S389", 
"host":"http://e212m01.istic.univ-rennes1.fr:1533/",
"services":[
{"name":"algorithm","alternatives":["dijkstra"]}
, {"name":"vehicle","alternatives":["car", "bike", "motorcycle"]}
, {"name":"weighting","alternatives":["least_polluted", "default", "fastest", "least_congested", "shortest"]}
]
}
, {
"id":"S446", 
"host":"http://e212m06.istic.univ-rennes1.fr:1540/",
"services":[
{"name":"algorithm","alternatives":["dijkstra"]}
, {"name":"vehicle","alternatives":["motorcycle", "car"]}
, {"name":"weighting","alternatives":["default", "fastest", "least_noisy", "least_polluted", "least_congested", "least_pollen"]}
]
}
]
}

