{
"id":"C410", 
"services":[
{"name":"algorithm","alternatives":["dijkstra"]}
, {"name":"vehicle","alternatives":["bike", "car", "foot", "motorcycle"]}
, {"name":"weighting","alternatives":["fastest", "least_congested", "default", "least_noisy", "least_polluted"]}
]
,
"platforms":[
{
"id":"S814", 
"host":"http://d028m08.istic.univ-rennes1.fr:1532/",
"services":[
{"name":"algorithm","alternatives":["dijkstra"]}
, {"name":"vehicle","alternatives":["car"]}
, {"name":"weighting","alternatives":["shortest", "default", "fastest"]}
]
}
, {
"id":"S286", 
"host":"http://e008m10.istic.univ-rennes1.fr:1532/",
"services":[
{"name":"algorithm","alternatives":["dijkstra"]}
, {"name":"vehicle","alternatives":["bike"]}
, {"name":"weighting","alternatives":["least_polluted", "fastest", "default", "least_congested", "least_noisy", "most_ozonic"]}
]
}
, {
"id":"S240", 
"host":"http://e008m05.istic.univ-rennes1.fr:1538/",
"services":[
{"name":"algorithm","alternatives":["dijkstra"]}
, {"name":"vehicle","alternatives":["car"]}
, {"name":"weighting","alternatives":["least_noisy", "fastest", "shortest", "default", "least_congested"]}
]
}
, {
"id":"S329", 
"host":"http://e105m04.istic.univ-rennes1.fr:1535/",
"services":[
{"name":"algorithm","alternatives":["dijkstra"]}
, {"name":"vehicle","alternatives":["car"]}
, {"name":"weighting","alternatives":["fastest", "least_congested", "default", "shortest", "least_pollen", "least_polluted"]}
]
}
, {
"id":"S528", 
"host":"http://d020m05.istic.univ-rennes1.fr:1532/",
"services":[
{"name":"algorithm","alternatives":["dijkstra"]}
, {"name":"vehicle","alternatives":["bike", "car"]}
, {"name":"weighting","alternatives":["default", "fastest"]}
]
}
, {
"id":"S343", 
"host":"http://e105m05.istic.univ-rennes1.fr:1539/",
"services":[
{"name":"algorithm","alternatives":["dijkstra"]}
, {"name":"vehicle","alternatives":["car", "bike"]}
, {"name":"weighting","alternatives":["fastest", "default", "least_congested", "least_pollen"]}
]
}
, {
"id":"S334", 
"host":"http://e105m04.istic.univ-rennes1.fr:1540/",
"services":[
{"name":"algorithm","alternatives":["dijkstra"]}
, {"name":"vehicle","alternatives":["car"]}
, {"name":"weighting","alternatives":["fastest", "default", "shortest", "least_congested", "least_noisy", "least_polluted"]}
]
}
, {
"id":"S295", 
"host":"http://e105m01.istic.univ-rennes1.fr:1531/",
"services":[
{"name":"algorithm","alternatives":["dijkstra"]}
, {"name":"vehicle","alternatives":["bike", "car"]}
, {"name":"weighting","alternatives":["fastest", "least_noisy", "shortest", "least_congested", "default", "least_pollen"]}
]
}
, {
"id":"S126", 
"host":"http://e103m03.istic.univ-rennes1.fr:1536/",
"services":[
{"name":"algorithm","alternatives":["dijkstra"]}
, {"name":"vehicle","alternatives":["car", "foot"]}
, {"name":"weighting","alternatives":["least_congested", "fastest", "default", "least_polluted", "least_pollen", "least_noisy"]}
]
}
, {
"id":"S57", 
"host":"http://e003m06.istic.univ-rennes1.fr:1537/",
"services":[
{"name":"algorithm","alternatives":["dijkstra"]}
, {"name":"vehicle","alternatives":["bike", "foot", "car"]}
, {"name":"weighting","alternatives":["least_noisy", "fastest", "shortest", "least_polluted", "default"]}
]
}
, {
"id":"S615", 
"host":"http://d022m09.istic.univ-rennes1.fr:1534/",
"services":[
{"name":"algorithm","alternatives":["dijkstra"]}
, {"name":"vehicle","alternatives":["motorcycle"]}
, {"name":"weighting","alternatives":["fastest", "least_congested", "default"]}
]
}
, {
"id":"S693", 
"host":"http://d026m02.istic.univ-rennes1.fr:1531/",
"services":[
{"name":"algorithm","alternatives":["dijkstra"]}
, {"name":"vehicle","alternatives":["foot", "car", "bike"]}
, {"name":"weighting","alternatives":["fastest", "default", "least_congested", "least_polluted", "shortest"]}
]
}
, {
"id":"S249", 
"host":"http://e008m06.istic.univ-rennes1.fr:1536/",
"services":[
{"name":"algorithm","alternatives":["dijkstra"]}
, {"name":"vehicle","alternatives":["car", "motorcycle"]}
, {"name":"weighting","alternatives":["least_congested", "fastest", "default", "most_ozonic"]}
]
}
, {
"id":"S373", 
"host":"http://e105m08.istic.univ-rennes1.fr:1537/",
"services":[
{"name":"algorithm","alternatives":["dijkstra"]}
, {"name":"vehicle","alternatives":["bike", "car", "motorcycle"]}
, {"name":"weighting","alternatives":["default"]}
]
}
, {
"id":"S832", 
"host":"http://d028m09.istic.univ-rennes1.fr:1540/",
"services":[
{"name":"algorithm","alternatives":["dijkstra"]}
, {"name":"vehicle","alternatives":["car", "bike"]}
, {"name":"weighting","alternatives":["default", "least_congested", "fastest", "shortest", "least_noisy", "least_polluted"]}
]
}
, {
"id":"S361", 
"host":"http://e105m07.istic.univ-rennes1.fr:1535/",
"services":[
{"name":"algorithm","alternatives":["dijkstra"]}
, {"name":"vehicle","alternatives":["car", "bike", "foot", "motorcycle"]}
, {"name":"weighting","alternatives":["least_noisy", "fastest", "shortest"]}
]
}
, {
"id":"S283", 
"host":"http://e008m09.istic.univ-rennes1.fr:1539/",
"services":[
{"name":"algorithm","alternatives":["dijkstra"]}
, {"name":"vehicle","alternatives":["foot", "bike", "car", "motorcycle"]}
, {"name":"weighting","alternatives":["least_congested", "fastest", "default", "shortest", "least_noisy", "least_pollen", "least_polluted", "most_ozonic"]}
]
}
]
}

