{
"id":"C1365", 
"services":[
{"name":"algorithm","alternatives":["dijkstra"]}
, {"name":"vehicle","alternatives":["car"]}
, {"name":"weighting","alternatives":["least_polluted", "shortest", "default"]}
]
,
"platforms":[
{
"id":"S506", 
"host":"http://d020m02.istic.univ-rennes1.fr:1540/",
"services":[
{"name":"algorithm","alternatives":["dijkstra"]}
, {"name":"vehicle","alternatives":["car", "bike"]}
, {"name":"weighting","alternatives":["fastest", "least_polluted", "default", "shortest", "least_congested", "least_noisy", "most_scenic"]}
]
}
]
}

