{
"id":"C211", 
"services":[
{"name":"algorithm","alternatives":["dijkstra"]}
, {"name":"vehicle","alternatives":["car", "bike"]}
, {"name":"weighting","alternatives":["fastest", "least_congested", "least_polluted", "shortest", "most_scenic"]}
]
,
"platforms":[
{
"id":"S56", 
"host":"http://e003m06.istic.univ-rennes1.fr:1536/",
"services":[
{"name":"algorithm","alternatives":["dijkstra"]}
, {"name":"vehicle","alternatives":["car"]}
, {"name":"weighting","alternatives":["least_congested", "fastest"]}
]
}
, {
"id":"S692", 
"host":"http://d026m01.istic.univ-rennes1.fr:1535/",
"services":[
{"name":"algorithm","alternatives":["dijkstra"]}
, {"name":"vehicle","alternatives":["bike", "car"]}
, {"name":"weighting","alternatives":["default", "shortest"]}
]
}
, {
"id":"S758", 
"host":"http://d026m10.istic.univ-rennes1.fr:1531/",
"services":[
{"name":"algorithm","alternatives":["dijkstra"]}
, {"name":"vehicle","alternatives":["car"]}
, {"name":"weighting","alternatives":["least_congested", "least_polluted", "fastest"]}
]
}
, {
"id":"S570", 
"host":"http://d022m04.istic.univ-rennes1.fr:1534/",
"services":[
{"name":"algorithm","alternatives":["dijkstra"]}
, {"name":"vehicle","alternatives":["car"]}
, {"name":"weighting","alternatives":["default", "most_scenic", "fastest", "shortest"]}
]
}
, {
"id":"S318", 
"host":"http://e105m03.istic.univ-rennes1.fr:1534/",
"services":[
{"name":"algorithm","alternatives":["dijkstra"]}
, {"name":"vehicle","alternatives":["car", "foot", "bike"]}
, {"name":"weighting","alternatives":["fastest", "default", "least_congested", "shortest"]}
]
}
, {
"id":"S390", 
"host":"http://e212m01.istic.univ-rennes1.fr:1534/",
"services":[
{"name":"algorithm","alternatives":["dijkstra"]}
, {"name":"vehicle","alternatives":["car"]}
, {"name":"weighting","alternatives":["fastest", "default", "least_polluted", "shortest", "least_congested", "least_noisy"]}
]
}
, {
"id":"S375", 
"host":"http://e105m08.istic.univ-rennes1.fr:1539/",
"services":[
{"name":"algorithm","alternatives":["dijkstra"]}
, {"name":"vehicle","alternatives":["bike"]}
, {"name":"weighting","alternatives":["fastest", "least_polluted"]}
]
}
, {
"id":"S473", 
"host":"http://e212m09.istic.univ-rennes1.fr:1537/",
"services":[
{"name":"algorithm","alternatives":["dijkstra"]}
, {"name":"vehicle","alternatives":["car", "bike"]}
, {"name":"weighting","alternatives":["default", "least_noisy", "least_congested", "fastest", "most_scenic", "shortest", "least_pollen"]}
]
}
, {
"id":"S224", 
"host":"http://e008m04.istic.univ-rennes1.fr:1532/",
"services":[
{"name":"algorithm","alternatives":["dijkstra"]}
, {"name":"vehicle","alternatives":["car", "bike", "motorcycle"]}
, {"name":"weighting","alternatives":["least_polluted", "default", "fastest"]}
]
}
, {
"id":"S839", 
"host":"http://d122m01.istic.univ-rennes1.fr:1532/",
"services":[
{"name":"algorithm","alternatives":["dijkstra"]}
, {"name":"vehicle","alternatives":["car", "bike"]}
, {"name":"weighting","alternatives":["shortest", "fastest", "default", "least_noisy", "least_polluted", "least_congested", "least_pollen"]}
]
}
, {
"id":"S784", 
"host":"http://d028m04.istic.univ-rennes1.fr:1532/",
"services":[
{"name":"algorithm","alternatives":["dijkstra"]}
, {"name":"vehicle","alternatives":["bike", "car", "foot"]}
, {"name":"weighting","alternatives":["default", "least_congested", "fastest", "least_polluted", "most_scenic"]}
]
}
, {
"id":"S796", 
"host":"http://d028m05.istic.univ-rennes1.fr:1534/",
"services":[
{"name":"algorithm","alternatives":["dijkstra"]}
, {"name":"vehicle","alternatives":["car"]}
, {"name":"weighting","alternatives":["fastest", "default", "shortest", "least_congested", "least_polluted", "most_scenic", "least_noisy", "most_ozonic", "least_pollen"]}
]
}
, {
"id":"S845", 
"host":"http://d122m01.istic.univ-rennes1.fr:1538/",
"services":[
{"name":"algorithm","alternatives":["dijkstra"]}
, {"name":"vehicle","alternatives":["car", "bike", "motorcycle"]}
, {"name":"weighting","alternatives":["shortest", "fastest", "least_noisy", "least_congested", "most_scenic", "default", "least_polluted", "least_pollen"]}
]
}
]
}

