{
"id":"C745", 
"services":[
{"name":"algorithm","alternatives":["dijkstra"]}
, {"name":"vehicle","alternatives":["bike"]}
, {"name":"weighting","alternatives":["default", "fastest", "most_scenic"]}
]
,
"platforms":[
{
"id":"S231", 
"host":"http://e008m04.istic.univ-rennes1.fr:1539/",
"services":[
{"name":"algorithm","alternatives":["dijkstra"]}
, {"name":"vehicle","alternatives":["bike", "car"]}
, {"name":"weighting","alternatives":["default", "least_noisy", "fastest", "shortest", "least_congested"]}
]
}
, {
"id":"S96", 
"host":"http://e003m10.istic.univ-rennes1.fr:1536/",
"services":[
{"name":"algorithm","alternatives":["dijkstra"]}
, {"name":"vehicle","alternatives":["bike", "foot"]}
, {"name":"weighting","alternatives":["fastest", "least_polluted", "least_noisy", "least_congested", "default", "most_ozonic", "shortest", "least_pollen", "most_scenic"]}
]
}
]
}

