{
"id":"C789", 
"services":[
{"name":"algorithm","alternatives":["dijkstra"]}
, {"name":"vehicle","alternatives":["foot", "car"]}
, {"name":"weighting","alternatives":["shortest"]}
]
,
"platforms":[
{
"id":"S189", 
"host":"http://e103m09.istic.univ-rennes1.fr:1538/",
"services":[
{"name":"algorithm","alternatives":["dijkstra"]}
, {"name":"vehicle","alternatives":["motorcycle", "car", "foot"]}
, {"name":"weighting","alternatives":["least_noisy", "least_congested", "shortest", "least_polluted"]}
]
}
]
}

