{
"id":"C781", 
"services":[
{"name":"algorithm","alternatives":["dijkstra"]}
, {"name":"vehicle","alternatives":["car", "bike", "foot"]}
, {"name":"weighting","alternatives":["fastest", "shortest"]}
]
,
"platforms":[
{
"id":"S628", 
"host":"http://d024m01.istic.univ-rennes1.fr:1532/",
"services":[
{"name":"algorithm","alternatives":["dijkstra"]}
, {"name":"vehicle","alternatives":["car"]}
, {"name":"weighting","alternatives":["shortest", "least_noisy", "fastest", "least_polluted", "least_congested"]}
]
}
, {
"id":"S413", 
"host":"http://e212m03.istic.univ-rennes1.fr:1537/",
"services":[
{"name":"algorithm","alternatives":["dijkstra"]}
, {"name":"vehicle","alternatives":["car", "bike"]}
, {"name":"weighting","alternatives":["fastest", "least_noisy", "least_congested"]}
]
}
, {
"id":"S638", 
"host":"http://d024m02.istic.univ-rennes1.fr:1532/",
"services":[
{"name":"algorithm","alternatives":["dijkstra"]}
, {"name":"vehicle","alternatives":["car", "foot", "bike"]}
, {"name":"weighting","alternatives":["fastest", "least_congested"]}
]
}
, {
"id":"S205", 
"host":"http://e008m02.istic.univ-rennes1.fr:1533/",
"services":[
{"name":"algorithm","alternatives":["dijkstra"]}
, {"name":"vehicle","alternatives":["car", "bike"]}
, {"name":"weighting","alternatives":["default", "least_congested", "fastest", "least_polluted", "shortest"]}
]
}
, {
"id":"S61", 
"host":"http://e003m07.istic.univ-rennes1.fr:1531/",
"services":[
{"name":"algorithm","alternatives":["dijkstra"]}
, {"name":"vehicle","alternatives":["car", "foot"]}
, {"name":"weighting","alternatives":["fastest", "default", "least_congested", "shortest", "least_polluted"]}
]
}
, {
"id":"S374", 
"host":"http://e105m08.istic.univ-rennes1.fr:1538/",
"services":[
{"name":"algorithm","alternatives":["dijkstra"]}
, {"name":"vehicle","alternatives":["foot", "car", "bike"]}
, {"name":"weighting","alternatives":["shortest", "least_congested", "fastest"]}
]
}
]
}

