{
"id":"C1118", 
"services":[
{"name":"algorithm","alternatives":["dijkstra"]}
, {"name":"vehicle","alternatives":["bike"]}
, {"name":"weighting","alternatives":["default", "shortest", "least_congested"]}
]
,
"platforms":[
{
"id":"S258", 
"host":"http://e008m07.istic.univ-rennes1.fr:1535/",
"services":[
{"name":"algorithm","alternatives":["dijkstra"]}
, {"name":"vehicle","alternatives":["bike"]}
, {"name":"weighting","alternatives":["fastest", "least_congested", "shortest"]}
]
}
, {
"id":"S424", 
"host":"http://e212m04.istic.univ-rennes1.fr:1538/",
"services":[
{"name":"algorithm","alternatives":["dijkstra"]}
, {"name":"vehicle","alternatives":["bike"]}
, {"name":"weighting","alternatives":["default", "least_polluted", "fastest", "least_noisy", "shortest"]}
]
}
, {
"id":"S106", 
"host":"http://e103m01.istic.univ-rennes1.fr:1536/",
"services":[
{"name":"algorithm","alternatives":["dijkstra"]}
, {"name":"vehicle","alternatives":["bike"]}
, {"name":"weighting","alternatives":["fastest", "least_congested", "default", "shortest", "least_polluted", "least_noisy", "most_ozonic"]}
]
}
]
}

