{
"id":"C156", 
"services":[
{"name":"algorithm","alternatives":["astar"]}
, {"name":"vehicle","alternatives":["car", "foot", "bike"]}
, {"name":"weighting","alternatives":["default", "least_congested", "fastest", "least_noisy", "shortest"]}
]
,
"platforms":[
{
"id":"S159", 
"host":"http://e103m06.istic.univ-rennes1.fr:1539/",
"services":[
{"name":"algorithm","alternatives":["astar"]}
, {"name":"vehicle","alternatives":["car"]}
, {"name":"weighting","alternatives":["least_congested", "shortest", "fastest", "default", "least_pollen"]}
]
}
, {
"id":"S696", 
"host":"http://d026m02.istic.univ-rennes1.fr:1534/",
"services":[
{"name":"algorithm","alternatives":["astar"]}
, {"name":"vehicle","alternatives":["car", "bike", "foot"]}
, {"name":"weighting","alternatives":["shortest", "default", "least_congested", "fastest"]}
]
}
, {
"id":"S558", 
"host":"http://d022m02.istic.univ-rennes1.fr:1537/",
"services":[
{"name":"algorithm","alternatives":["astar"]}
, {"name":"vehicle","alternatives":["car", "foot"]}
, {"name":"weighting","alternatives":["least_noisy", "default", "fastest", "least_congested", "shortest", "least_polluted", "most_ozonic"]}
]
}
, {
"id":"S365", 
"host":"http://e105m07.istic.univ-rennes1.fr:1539/",
"services":[
{"name":"algorithm","alternatives":["astar"]}
, {"name":"vehicle","alternatives":["bike"]}
, {"name":"weighting","alternatives":["fastest", "least_noisy", "default", "shortest", "least_congested", "least_polluted"]}
]
}
, {
"id":"S63", 
"host":"http://e003m07.istic.univ-rennes1.fr:1533/",
"services":[
{"name":"algorithm","alternatives":["astar"]}
, {"name":"vehicle","alternatives":["car", "bike"]}
, {"name":"weighting","alternatives":["fastest", "default", "least_congested", "shortest", "least_polluted", "least_noisy", "least_pollen", "most_ozonic"]}
]
}
, {
"id":"S80", 
"host":"http://e003m08.istic.univ-rennes1.fr:1540/",
"services":[
{"name":"algorithm","alternatives":["astar"]}
, {"name":"vehicle","alternatives":["car", "bike", "foot"]}
, {"name":"weighting","alternatives":["default", "least_noisy", "fastest", "least_polluted", "least_congested", "least_pollen", "shortest", "most_ozonic"]}
]
}
]
}

