{
"id":"C820", 
"services":[
{"name":"algorithm","alternatives":["dijkstra"]}
, {"name":"vehicle","alternatives":["foot"]}
, {"name":"weighting","alternatives":["fastest", "default", "least_pollen", "shortest"]}
]
,
"platforms":[
{
"id":"S87", 
"host":"http://e003m09.istic.univ-rennes1.fr:1537/",
"services":[
{"name":"algorithm","alternatives":["dijkstra"]}
, {"name":"vehicle","alternatives":["foot"]}
, {"name":"weighting","alternatives":["default", "fastest"]}
]
}
, {
"id":"S274", 
"host":"http://e008m08.istic.univ-rennes1.fr:1540/",
"services":[
{"name":"algorithm","alternatives":["dijkstra"]}
, {"name":"vehicle","alternatives":["car", "foot"]}
, {"name":"weighting","alternatives":["fastest", "default", "shortest", "least_congested", "least_polluted"]}
]
}
, {
"id":"S138", 
"host":"http://e103m04.istic.univ-rennes1.fr:1538/",
"services":[
{"name":"algorithm","alternatives":["dijkstra"]}
, {"name":"vehicle","alternatives":["foot"]}
, {"name":"weighting","alternatives":["least_congested", "fastest", "default", "shortest", "least_polluted", "least_noisy", "most_ozonic", "least_pollen"]}
]
}
]
}

