{
"id":"C1307", 
"services":[
{"name":"algorithm","alternatives":["astar"]}
, {"name":"vehicle","alternatives":["car"]}
, {"name":"weighting","alternatives":["least_polluted", "fastest", "least_congested", "default"]}
]
,
"platforms":[
{
"id":"S709", 
"host":"http://d026m03.istic.univ-rennes1.fr:1537/",
"services":[
{"name":"algorithm","alternatives":["astar"]}
, {"name":"vehicle","alternatives":["car", "foot", "scooter"]}
, {"name":"weighting","alternatives":["fastest", "most_scenic", "default"]}
]
}
, {
"id":"S800", 
"host":"http://d028m05.istic.univ-rennes1.fr:1538/",
"services":[
{"name":"algorithm","alternatives":["astar"]}
, {"name":"vehicle","alternatives":["car"]}
, {"name":"weighting","alternatives":["default", "least_polluted", "fastest", "shortest", "least_noisy", "most_scenic"]}
]
}
, {
"id":"S757", 
"host":"http://d026m09.istic.univ-rennes1.fr:1535/",
"services":[
{"name":"algorithm","alternatives":["astar"]}
, {"name":"vehicle","alternatives":["car"]}
, {"name":"weighting","alternatives":["fastest", "default", "least_noisy", "least_congested", "least_polluted", "most_scenic", "shortest"]}
]
}
]
}

