{
"id":"C65", 
"services":[
{"name":"algorithm","alternatives":["dijkstra"]}
, {"name":"vehicle","alternatives":["foot", "car", "bike", "scooter"]}
, {"name":"weighting","alternatives":["default"]}
]
,
"platforms":[
{
"id":"S707", 
"host":"http://d026m03.istic.univ-rennes1.fr:1535/",
"services":[
{"name":"algorithm","alternatives":["dijkstra"]}
, {"name":"vehicle","alternatives":["bike"]}
, {"name":"weighting","alternatives":["default", "most_ozonic", "fastest", "shortest", "least_noisy", "least_polluted", "least_congested"]}
]
}
, {
"id":"S61", 
"host":"http://e003m07.istic.univ-rennes1.fr:1531/",
"services":[
{"name":"algorithm","alternatives":["dijkstra"]}
, {"name":"vehicle","alternatives":["car", "foot"]}
, {"name":"weighting","alternatives":["fastest", "default", "least_congested", "shortest", "least_polluted"]}
]
}
, {
"id":"S743", 
"host":"http://d026m07.istic.univ-rennes1.fr:1536/",
"services":[
{"name":"algorithm","alternatives":["dijkstra"]}
, {"name":"vehicle","alternatives":["car", "foot", "bike"]}
, {"name":"weighting","alternatives":["least_congested", "shortest", "fastest", "default", "least_noisy"]}
]
}
, {
"id":"S176", 
"host":"http://e103m08.istic.univ-rennes1.fr:1535/",
"services":[
{"name":"algorithm","alternatives":["dijkstra"]}
, {"name":"vehicle","alternatives":["car", "foot", "bike", "motorcycle", "scooter"]}
, {"name":"weighting","alternatives":["least_noisy", "default", "fastest", "shortest", "least_congested", "least_polluted"]}
]
}
]
}

