{
"id":"C1329", 
"services":[
{"name":"algorithm","alternatives":["dijkstra"]}
, {"name":"vehicle","alternatives":["car", "motorcycle"]}
, {"name":"weighting","alternatives":["shortest", "default"]}
]
,
"platforms":[
{
"id":"S322", 
"host":"http://e105m03.istic.univ-rennes1.fr:1538/",
"services":[
{"name":"algorithm","alternatives":["dijkstra"]}
, {"name":"vehicle","alternatives":["car", "bike"]}
, {"name":"weighting","alternatives":["default"]}
]
}
, {
"id":"S719", 
"host":"http://d026m04.istic.univ-rennes1.fr:1537/",
"services":[
{"name":"algorithm","alternatives":["dijkstra"]}
, {"name":"vehicle","alternatives":["car", "bike", "motorcycle"]}
, {"name":"weighting","alternatives":["default"]}
]
}
, {
"id":"S458", 
"host":"http://e212m08.istic.univ-rennes1.fr:1532/",
"services":[
{"name":"algorithm","alternatives":["dijkstra"]}
, {"name":"vehicle","alternatives":["car"]}
, {"name":"weighting","alternatives":["least_polluted", "least_congested", "fastest", "shortest", "default"]}
]
}
, {
"id":"S199", 
"host":"http://e008m01.istic.univ-rennes1.fr:1537/",
"services":[
{"name":"algorithm","alternatives":["dijkstra"]}
, {"name":"vehicle","alternatives":["motorcycle"]}
, {"name":"weighting","alternatives":["least_noisy", "fastest", "shortest", "default", "least_congested"]}
]
}
, {
"id":"S222", 
"host":"http://e008m03.istic.univ-rennes1.fr:1540/",
"services":[
{"name":"algorithm","alternatives":["dijkstra"]}
, {"name":"vehicle","alternatives":["car", "motorcycle"]}
, {"name":"weighting","alternatives":["shortest", "fastest", "least_noisy", "least_polluted", "default"]}
]
}
]
}

