{
"id":"C1015", 
"services":[
{"name":"algorithm","alternatives":["astar"]}
, {"name":"vehicle","alternatives":["car", "bike", "foot"]}
, {"name":"weighting","alternatives":["default"]}
]
,
"platforms":[
{
"id":"S221", 
"host":"http://e008m03.istic.univ-rennes1.fr:1539/",
"services":[
{"name":"algorithm","alternatives":["astar"]}
, {"name":"vehicle","alternatives":["car"]}
, {"name":"weighting","alternatives":["most_scenic", "fastest", "least_congested", "least_polluted", "default"]}
]
}
, {
"id":"S783", 
"host":"http://d028m04.istic.univ-rennes1.fr:1531/",
"services":[
{"name":"algorithm","alternatives":["astar"]}
, {"name":"vehicle","alternatives":["car", "bike"]}
, {"name":"weighting","alternatives":["least_polluted", "default", "most_ozonic", "fastest", "least_noisy"]}
]
}
, {
"id":"S662", 
"host":"http://d024m07.istic.univ-rennes1.fr:1531/",
"services":[
{"name":"algorithm","alternatives":["astar"]}
, {"name":"vehicle","alternatives":["car", "foot", "bike"]}
, {"name":"weighting","alternatives":["least_polluted", "least_pollen", "fastest", "least_congested", "default", "shortest", "most_ozonic", "least_noisy"]}
]
}
]
}

