{
"id":"C256", 
"services":[
{"name":"algorithm","alternatives":["astar"]}
, {"name":"vehicle","alternatives":["car", "bike"]}
, {"name":"weighting","alternatives":["fastest", "default", "most_ozonic"]}
]
,
"platforms":[
{
"id":"S435", 
"host":"http://e212m05.istic.univ-rennes1.fr:1539/",
"services":[
{"name":"algorithm","alternatives":["astar"]}
, {"name":"vehicle","alternatives":["car"]}
, {"name":"weighting","alternatives":["fastest", "shortest", "least_noisy", "least_congested", "default", "least_polluted", "least_pollen"]}
]
}
, {
"id":"S178", 
"host":"http://e103m08.istic.univ-rennes1.fr:1537/",
"services":[
{"name":"algorithm","alternatives":["astar"]}
, {"name":"vehicle","alternatives":["bike", "car"]}
, {"name":"weighting","alternatives":["fastest", "default", "shortest", "least_polluted", "least_congested", "least_noisy"]}
]
}
, {
"id":"S80", 
"host":"http://e003m08.istic.univ-rennes1.fr:1540/",
"services":[
{"name":"algorithm","alternatives":["astar"]}
, {"name":"vehicle","alternatives":["car", "bike", "foot"]}
, {"name":"weighting","alternatives":["default", "least_noisy", "fastest", "least_polluted", "least_congested", "least_pollen", "shortest", "most_ozonic"]}
]
}
]
}

