{
"id":"C604", 
"services":[
{"name":"algorithm","alternatives":["dijkstra"]}
, {"name":"vehicle","alternatives":["bike", "car", "scooter"]}
, {"name":"weighting","alternatives":["fastest"]}
]
,
"platforms":[
{
"id":"S581", 
"host":"http://d022m05.istic.univ-rennes1.fr:1540/",
"services":[
{"name":"algorithm","alternatives":["dijkstra"]}
, {"name":"vehicle","alternatives":["car", "foot", "bike"]}
, {"name":"weighting","alternatives":["least_congested", "shortest", "default", "fastest"]}
]
}
, {
"id":"S380", 
"host":"http://e105m10.istic.univ-rennes1.fr:1534/",
"services":[
{"name":"algorithm","alternatives":["dijkstra"]}
, {"name":"vehicle","alternatives":["car", "scooter"]}
, {"name":"weighting","alternatives":["fastest", "default"]}
]
}
, {
"id":"S744", 
"host":"http://d026m07.istic.univ-rennes1.fr:1537/",
"services":[
{"name":"algorithm","alternatives":["dijkstra"]}
, {"name":"vehicle","alternatives":["car", "bike", "scooter"]}
, {"name":"weighting","alternatives":["least_polluted", "fastest"]}
]
}
]
}

