{
"id":"C1347", 
"services":[
{"name":"algorithm","alternatives":["dijkstra"]}
, {"name":"vehicle","alternatives":["bike", "car", "foot"]}
, {"name":"weighting","alternatives":["fastest", "shortest", "default"]}
]
,
"platforms":[
{
"id":"S831", 
"host":"http://d028m09.istic.univ-rennes1.fr:1539/",
"services":[
{"name":"algorithm","alternatives":["dijkstra"]}
, {"name":"vehicle","alternatives":["car"]}
, {"name":"weighting","alternatives":["shortest"]}
]
}
, {
"id":"S69", 
"host":"http://e003m07.istic.univ-rennes1.fr:1539/",
"services":[
{"name":"algorithm","alternatives":["dijkstra"]}
, {"name":"vehicle","alternatives":["car", "bike"]}
, {"name":"weighting","alternatives":["default", "shortest", "fastest"]}
]
}
, {
"id":"S410", 
"host":"http://e212m03.istic.univ-rennes1.fr:1534/",
"services":[
{"name":"algorithm","alternatives":["dijkstra"]}
, {"name":"vehicle","alternatives":["foot", "car", "bike"]}
, {"name":"weighting","alternatives":["default", "shortest", "fastest", "least_congested"]}
]
}
]
}

