{
"id":"C1242", 
"services":[
{"name":"algorithm","alternatives":["dijkstra"]}
, {"name":"vehicle","alternatives":["car"]}
, {"name":"weighting","alternatives":["least_congested", "default"]}
]
,
"platforms":[
{
"id":"S447", 
"host":"http://e212m07.istic.univ-rennes1.fr:1531/",
"services":[
{"name":"algorithm","alternatives":["dijkstra"]}
, {"name":"vehicle","alternatives":["car"]}
, {"name":"weighting","alternatives":["shortest", "default", "fastest", "least_polluted"]}
]
}
, {
"id":"S157", 
"host":"http://e103m06.istic.univ-rennes1.fr:1537/",
"services":[
{"name":"algorithm","alternatives":["dijkstra"]}
, {"name":"vehicle","alternatives":["car"]}
, {"name":"weighting","alternatives":["least_congested", "least_polluted", "fastest", "shortest", "default", "least_noisy"]}
]
}
]
}

