{
"id":"C1331", 
"services":[
{"name":"algorithm","alternatives":["dijkstra"]}
, {"name":"vehicle","alternatives":["bike"]}
, {"name":"weighting","alternatives":["fastest", "default", "least_polluted", "least_congested"]}
]
,
"platforms":[
{
"id":"S442", 
"host":"http://e212m06.istic.univ-rennes1.fr:1536/",
"services":[
{"name":"algorithm","alternatives":["dijkstra"]}
, {"name":"vehicle","alternatives":["bike"]}
, {"name":"weighting","alternatives":["default", "fastest", "shortest", "least_polluted", "least_noisy", "least_congested"]}
]
}
]
}

