{
"id":"C591", 
"services":[
{"name":"algorithm","alternatives":["astar"]}
, {"name":"vehicle","alternatives":["car", "bike", "foot"]}
, {"name":"weighting","alternatives":["least_congested", "least_noisy"]}
]
,
"platforms":[
{
"id":"S142", 
"host":"http://e103m05.istic.univ-rennes1.fr:1532/",
"services":[
{"name":"algorithm","alternatives":["astar"]}
, {"name":"vehicle","alternatives":["car", "bike"]}
, {"name":"weighting","alternatives":["fastest", "most_ozonic", "least_congested"]}
]
}
, {
"id":"S178", 
"host":"http://e103m08.istic.univ-rennes1.fr:1537/",
"services":[
{"name":"algorithm","alternatives":["astar"]}
, {"name":"vehicle","alternatives":["bike", "car"]}
, {"name":"weighting","alternatives":["fastest", "default", "shortest", "least_polluted", "least_congested", "least_noisy"]}
]
}
, {
"id":"S403", 
"host":"http://e212m02.istic.univ-rennes1.fr:1537/",
"services":[
{"name":"algorithm","alternatives":["astar"]}
, {"name":"vehicle","alternatives":["car", "foot"]}
, {"name":"weighting","alternatives":["fastest", "shortest", "default", "least_noisy", "least_polluted"]}
]
}
, {
"id":"S602", 
"host":"http://d022m08.istic.univ-rennes1.fr:1531/",
"services":[
{"name":"algorithm","alternatives":["astar"]}
, {"name":"vehicle","alternatives":["car", "bike", "foot"]}
, {"name":"weighting","alternatives":["default", "fastest", "least_congested"]}
]
}
, {
"id":"S80", 
"host":"http://e003m08.istic.univ-rennes1.fr:1540/",
"services":[
{"name":"algorithm","alternatives":["astar"]}
, {"name":"vehicle","alternatives":["car", "bike", "foot"]}
, {"name":"weighting","alternatives":["default", "least_noisy", "fastest", "least_polluted", "least_congested", "least_pollen", "shortest", "most_ozonic"]}
]
}
]
}

