{
"id":"C632", 
"services":[
{"name":"algorithm","alternatives":["dijkstra"]}
, {"name":"vehicle","alternatives":["bike", "car"]}
, {"name":"weighting","alternatives":["fastest", "least_noisy"]}
]
,
"platforms":[
{
"id":"S59", 
"host":"http://e003m06.istic.univ-rennes1.fr:1539/",
"services":[
{"name":"algorithm","alternatives":["dijkstra"]}
, {"name":"vehicle","alternatives":["car"]}
, {"name":"weighting","alternatives":["fastest", "default", "shortest", "least_congested", "least_pollen", "least_noisy"]}
]
}
, {
"id":"S563", 
"host":"http://d022m03.istic.univ-rennes1.fr:1532/",
"services":[
{"name":"algorithm","alternatives":["dijkstra"]}
, {"name":"vehicle","alternatives":["car", "bike"]}
, {"name":"weighting","alternatives":["fastest", "default", "least_polluted", "least_congested"]}
]
}
, {
"id":"S286", 
"host":"http://e008m10.istic.univ-rennes1.fr:1532/",
"services":[
{"name":"algorithm","alternatives":["dijkstra"]}
, {"name":"vehicle","alternatives":["bike"]}
, {"name":"weighting","alternatives":["least_polluted", "fastest", "default", "least_congested", "least_noisy", "most_ozonic"]}
]
}
, {
"id":"S548", 
"host":"http://d020m10.istic.univ-rennes1.fr:1532/",
"services":[
{"name":"algorithm","alternatives":["dijkstra"]}
, {"name":"vehicle","alternatives":["car", "bike"]}
, {"name":"weighting","alternatives":["default", "fastest", "least_congested", "shortest", "least_polluted", "least_noisy", "most_ozonic"]}
]
}
]
}

