{
"id":"C1413", 
"services":[
{"name":"algorithm","alternatives":["dijkstra"]}
, {"name":"vehicle","alternatives":["car", "bike"]}
, {"name":"weighting","alternatives":["fastest", "least_congested"]}
]
,
"platforms":[
{
"id":"S515", 
"host":"http://d020m03.istic.univ-rennes1.fr:1539/",
"services":[
{"name":"algorithm","alternatives":["dijkstra"]}
, {"name":"vehicle","alternatives":["car"]}
, {"name":"weighting","alternatives":["least_congested"]}
]
}
, {
"id":"S758", 
"host":"http://d026m10.istic.univ-rennes1.fr:1531/",
"services":[
{"name":"algorithm","alternatives":["dijkstra"]}
, {"name":"vehicle","alternatives":["car"]}
, {"name":"weighting","alternatives":["least_congested", "least_polluted", "fastest"]}
]
}
, {
"id":"S174", 
"host":"http://e103m08.istic.univ-rennes1.fr:1533/",
"services":[
{"name":"algorithm","alternatives":["dijkstra"]}
, {"name":"vehicle","alternatives":["bike"]}
, {"name":"weighting","alternatives":["default", "shortest", "fastest", "least_polluted", "least_noisy", "least_congested", "most_scenic"]}
]
}
, {
"id":"S44", 
"host":"http://e003m05.istic.univ-rennes1.fr:1534/",
"services":[
{"name":"algorithm","alternatives":["dijkstra"]}
, {"name":"vehicle","alternatives":["car", "foot", "bike"]}
, {"name":"weighting","alternatives":["least_pollen", "fastest", "least_congested"]}
]
}
]
}

