{
"id":"C890", 
"services":[
{"name":"algorithm","alternatives":["dijkstra"]}
, {"name":"vehicle","alternatives":["car", "foot"]}
, {"name":"weighting","alternatives":["fastest", "shortest", "default"]}
]
,
"platforms":[
{
"id":"S391", 
"host":"http://e212m01.istic.univ-rennes1.fr:1535/",
"services":[
{"name":"algorithm","alternatives":["dijkstra"]}
, {"name":"vehicle","alternatives":["car"]}
, {"name":"weighting","alternatives":["fastest", "default", "least_pollen", "least_congested", "shortest", "least_polluted"]}
]
}
, {
"id":"S750", 
"host":"http://d026m08.istic.univ-rennes1.fr:1533/",
"services":[
{"name":"algorithm","alternatives":["dijkstra"]}
, {"name":"vehicle","alternatives":["car", "foot"]}
, {"name":"weighting","alternatives":["fastest", "least_polluted", "least_noisy"]}
]
}
, {
"id":"S167", 
"host":"http://e103m07.istic.univ-rennes1.fr:1536/",
"services":[
{"name":"algorithm","alternatives":["dijkstra"]}
, {"name":"vehicle","alternatives":["foot", "car"]}
, {"name":"weighting","alternatives":["default", "least_polluted", "least_congested"]}
]
}
, {
"id":"S599", 
"host":"http://d022m07.istic.univ-rennes1.fr:1538/",
"services":[
{"name":"algorithm","alternatives":["dijkstra"]}
, {"name":"vehicle","alternatives":["foot", "car", "bike", "motorcycle"]}
, {"name":"weighting","alternatives":["fastest", "shortest", "least_pollen"]}
]
}
, {
"id":"S328", 
"host":"http://e105m04.istic.univ-rennes1.fr:1534/",
"services":[
{"name":"algorithm","alternatives":["dijkstra"]}
, {"name":"vehicle","alternatives":["foot"]}
, {"name":"weighting","alternatives":["default", "fastest", "least_congested", "least_noisy", "shortest", "least_pollen", "least_polluted", "most_ozonic"]}
]
}
, {
"id":"S785", 
"host":"http://d028m04.istic.univ-rennes1.fr:1533/",
"services":[
{"name":"algorithm","alternatives":["dijkstra"]}
, {"name":"vehicle","alternatives":["car", "bike", "foot"]}
, {"name":"weighting","alternatives":["default", "fastest"]}
]
}
, {
"id":"S681", 
"host":"http://d024m10.istic.univ-rennes1.fr:1534/",
"services":[
{"name":"algorithm","alternatives":["dijkstra"]}
, {"name":"vehicle","alternatives":["car", "foot", "bike"]}
, {"name":"weighting","alternatives":["default", "fastest", "shortest", "least_congested"]}
]
}
]
}

