{
"id":"C74", 
"services":[
{"name":"algorithm","alternatives":["dijkstra"]}
, {"name":"vehicle","alternatives":["car", "bike", "motorcycle"]}
, {"name":"weighting","alternatives":["fastest", "default", "least_noisy"]}
]
,
"platforms":[
{
"id":"S601", 
"host":"http://d022m07.istic.univ-rennes1.fr:1540/",
"services":[
{"name":"algorithm","alternatives":["dijkstra"]}
, {"name":"vehicle","alternatives":["bike"]}
, {"name":"weighting","alternatives":["default", "least_noisy", "fastest", "least_congested", "least_polluted"]}
]
}
, {
"id":"S316", 
"host":"http://e105m03.istic.univ-rennes1.fr:1532/",
"services":[
{"name":"algorithm","alternatives":["dijkstra"]}
, {"name":"vehicle","alternatives":["car"]}
, {"name":"weighting","alternatives":["least_congested", "shortest", "default"]}
]
}
, {
"id":"S38", 
"host":"http://e003m04.istic.univ-rennes1.fr:1538/",
"services":[
{"name":"algorithm","alternatives":["dijkstra"]}
, {"name":"vehicle","alternatives":["car", "foot"]}
, {"name":"weighting","alternatives":["fastest", "shortest", "least_congested"]}
]
}
, {
"id":"S438", 
"host":"http://e212m06.istic.univ-rennes1.fr:1532/",
"services":[
{"name":"algorithm","alternatives":["dijkstra"]}
, {"name":"vehicle","alternatives":["car", "bike", "motorcycle"]}
, {"name":"weighting","alternatives":["fastest", "default", "least_polluted"]}
]
}
, {
"id":"S743", 
"host":"http://d026m07.istic.univ-rennes1.fr:1536/",
"services":[
{"name":"algorithm","alternatives":["dijkstra"]}
, {"name":"vehicle","alternatives":["car", "foot", "bike"]}
, {"name":"weighting","alternatives":["least_congested", "shortest", "fastest", "default", "least_noisy"]}
]
}
, {
"id":"S55", 
"host":"http://e003m06.istic.univ-rennes1.fr:1535/",
"services":[
{"name":"algorithm","alternatives":["dijkstra"]}
, {"name":"vehicle","alternatives":["car", "bike", "motorcycle"]}
, {"name":"weighting","alternatives":["fastest", "least_pollen", "least_polluted", "default", "least_congested", "shortest", "least_noisy"]}
]
}
]
}

