{
"id":"C771", 
"services":[
{"name":"algorithm","alternatives":["astar"]}
, {"name":"vehicle","alternatives":["foot"]}
, {"name":"weighting","alternatives":["default", "fastest", "least_congested"]}
]
,
"platforms":[
{
"id":"S844", 
"host":"http://d122m01.istic.univ-rennes1.fr:1537/",
"services":[
{"name":"algorithm","alternatives":["astar"]}
, {"name":"vehicle","alternatives":["foot"]}
, {"name":"weighting","alternatives":["fastest", "least_polluted", "shortest", "least_noisy"]}
]
}
, {
"id":"S662", 
"host":"http://d024m07.istic.univ-rennes1.fr:1531/",
"services":[
{"name":"algorithm","alternatives":["astar"]}
, {"name":"vehicle","alternatives":["car", "foot", "bike"]}
, {"name":"weighting","alternatives":["least_polluted", "least_pollen", "fastest", "least_congested", "default", "shortest", "most_ozonic", "least_noisy"]}
]
}
]
}

