{
"id":"C823", 
"services":[
{"name":"algorithm","alternatives":["dijkstra"]}
, {"name":"vehicle","alternatives":["car"]}
, {"name":"weighting","alternatives":["shortest", "default", "fastest", "most_scenic", "least_congested", "least_polluted"]}
]
,
"platforms":[
{
"id":"S619", 
"host":"http://d022m10.istic.univ-rennes1.fr:1533/",
"services":[
{"name":"algorithm","alternatives":["dijkstra"]}
, {"name":"vehicle","alternatives":["car"]}
, {"name":"weighting","alternatives":["fastest", "least_noisy", "least_congested", "default", "least_polluted", "shortest", "least_pollen", "most_ozonic"]}
]
}
, {
"id":"S141", 
"host":"http://e103m05.istic.univ-rennes1.fr:1531/",
"services":[
{"name":"algorithm","alternatives":["dijkstra"]}
, {"name":"vehicle","alternatives":["car", "foot"]}
, {"name":"weighting","alternatives":["fastest", "least_noisy", "shortest", "default", "least_congested", "most_scenic", "least_polluted"]}
]
}
]
}

