{
"id":"C666", 
"services":[
{"name":"algorithm","alternatives":["dijkstra"]}
, {"name":"vehicle","alternatives":["car"]}
, {"name":"weighting","alternatives":["default", "least_noisy", "shortest", "fastest"]}
]
,
"platforms":[
{
"id":"S529", 
"host":"http://d020m05.istic.univ-rennes1.fr:1533/",
"services":[
{"name":"algorithm","alternatives":["dijkstra"]}
, {"name":"vehicle","alternatives":["car", "bike"]}
, {"name":"weighting","alternatives":["least_noisy", "fastest", "least_congested", "default", "least_polluted"]}
]
}
, {
"id":"S237", 
"host":"http://e008m05.istic.univ-rennes1.fr:1535/",
"services":[
{"name":"algorithm","alternatives":["dijkstra"]}
, {"name":"vehicle","alternatives":["car", "foot", "motorcycle", "bike"]}
, {"name":"weighting","alternatives":["fastest", "default", "least_polluted", "shortest", "most_scenic", "least_congested", "least_pollen"]}
]
}
, {
"id":"S430", 
"host":"http://e212m05.istic.univ-rennes1.fr:1534/",
"services":[
{"name":"algorithm","alternatives":["dijkstra"]}
, {"name":"vehicle","alternatives":["car"]}
, {"name":"weighting","alternatives":["fastest", "default", "least_noisy", "shortest"]}
]
}
]
}

