{
"id":"C316", 
"services":[
{"name":"algorithm","alternatives":["dijkstra"]}
, {"name":"vehicle","alternatives":["scooter", "car", "bike"]}
, {"name":"weighting","alternatives":["default"]}
]
,
"platforms":[
{
"id":"S740", 
"host":"http://d026m07.istic.univ-rennes1.fr:1533/",
"services":[
{"name":"algorithm","alternatives":["dijkstra"]}
, {"name":"vehicle","alternatives":["car", "bike"]}
, {"name":"weighting","alternatives":["default", "least_congested", "least_polluted", "fastest"]}
]
}
, {
"id":"S751", 
"host":"http://d026m08.istic.univ-rennes1.fr:1534/",
"services":[
{"name":"algorithm","alternatives":["dijkstra"]}
, {"name":"vehicle","alternatives":["scooter"]}
, {"name":"weighting","alternatives":["fastest", "default", "least_congested", "shortest"]}
]
}
, {
"id":"S380", 
"host":"http://e105m10.istic.univ-rennes1.fr:1534/",
"services":[
{"name":"algorithm","alternatives":["dijkstra"]}
, {"name":"vehicle","alternatives":["car", "scooter"]}
, {"name":"weighting","alternatives":["fastest", "default"]}
]
}
, {
"id":"S113", 
"host":"http://e103m02.istic.univ-rennes1.fr:1533/",
"services":[
{"name":"algorithm","alternatives":["dijkstra"]}
, {"name":"vehicle","alternatives":["car", "foot", "bike", "scooter"]}
, {"name":"weighting","alternatives":["fastest", "shortest", "least_congested", "default", "least_polluted"]}
]
}
]
}

