{
"id":"C369", 
"services":[
{"name":"algorithm","alternatives":["dijkstra"]}
, {"name":"vehicle","alternatives":["bike", "car"]}
, {"name":"weighting","alternatives":["shortest", "least_polluted"]}
]
,
"platforms":[
{
"id":"S336", 
"host":"http://e105m05.istic.univ-rennes1.fr:1532/",
"services":[
{"name":"algorithm","alternatives":["dijkstra"]}
, {"name":"vehicle","alternatives":["car"]}
, {"name":"weighting","alternatives":["default", "fastest", "least_polluted", "shortest", "least_noisy", "least_congested", "most_ozonic"]}
]
}
, {
"id":"S19", 
"host":"http://e003m02.istic.univ-rennes1.fr:1539/",
"services":[
{"name":"algorithm","alternatives":["dijkstra"]}
, {"name":"vehicle","alternatives":["car", "bike", "foot"]}
, {"name":"weighting","alternatives":["least_polluted", "fastest", "default", "least_noisy", "least_congested", "shortest"]}
]
}
]
}

