{
"id":"C990", 
"services":[
{"name":"algorithm","alternatives":["astar"]}
, {"name":"vehicle","alternatives":["car", "foot"]}
, {"name":"weighting","alternatives":["default"]}
]
,
"platforms":[
{
"id":"S277", 
"host":"http://e008m09.istic.univ-rennes1.fr:1533/",
"services":[
{"name":"algorithm","alternatives":["astar"]}
, {"name":"vehicle","alternatives":["car"]}
, {"name":"weighting","alternatives":["default", "least_congested", "fastest", "least_noisy", "least_pollen"]}
]
}
, {
"id":"S29", 
"host":"http://e003m03.istic.univ-rennes1.fr:1539/",
"services":[
{"name":"algorithm","alternatives":["astar"]}
, {"name":"vehicle","alternatives":["foot"]}
, {"name":"weighting","alternatives":["fastest", "default", "least_noisy"]}
]
}
, {
"id":"S558", 
"host":"http://d022m02.istic.univ-rennes1.fr:1537/",
"services":[
{"name":"algorithm","alternatives":["astar"]}
, {"name":"vehicle","alternatives":["car", "foot"]}
, {"name":"weighting","alternatives":["least_noisy", "default", "fastest", "least_congested", "shortest", "least_polluted", "most_ozonic"]}
]
}
]
}

