{
"id":"C503", 
"services":[
{"name":"algorithm","alternatives":["dijkstra"]}
, {"name":"vehicle","alternatives":["bike", "foot"]}
, {"name":"weighting","alternatives":["fastest", "least_polluted", "shortest", "least_noisy"]}
]
,
"platforms":[
{
"id":"S101", 
"host":"http://e103m01.istic.univ-rennes1.fr:1531/",
"services":[
{"name":"algorithm","alternatives":["dijkstra"]}
, {"name":"vehicle","alternatives":["bike", "car", "foot"]}
, {"name":"weighting","alternatives":["default", "least_pollen", "least_congested", "fastest"]}
]
}
, {
"id":"S55", 
"host":"http://e003m06.istic.univ-rennes1.fr:1535/",
"services":[
{"name":"algorithm","alternatives":["dijkstra"]}
, {"name":"vehicle","alternatives":["car", "bike", "motorcycle"]}
, {"name":"weighting","alternatives":["fastest", "least_pollen", "least_polluted", "default", "least_congested", "shortest", "least_noisy"]}
]
}
, {
"id":"S636", 
"host":"http://d024m01.istic.univ-rennes1.fr:1540/",
"services":[
{"name":"algorithm","alternatives":["dijkstra"]}
, {"name":"vehicle","alternatives":["car", "foot"]}
, {"name":"weighting","alternatives":["default", "fastest", "least_polluted"]}
]
}
, {
"id":"S61", 
"host":"http://e003m07.istic.univ-rennes1.fr:1531/",
"services":[
{"name":"algorithm","alternatives":["dijkstra"]}
, {"name":"vehicle","alternatives":["car", "foot"]}
, {"name":"weighting","alternatives":["fastest", "default", "least_congested", "shortest", "least_polluted"]}
]
}
, {
"id":"S138", 
"host":"http://e103m04.istic.univ-rennes1.fr:1538/",
"services":[
{"name":"algorithm","alternatives":["dijkstra"]}
, {"name":"vehicle","alternatives":["foot"]}
, {"name":"weighting","alternatives":["least_congested", "fastest", "default", "shortest", "least_polluted", "least_noisy", "most_ozonic", "least_pollen"]}
]
}
, {
"id":"S361", 
"host":"http://e105m07.istic.univ-rennes1.fr:1535/",
"services":[
{"name":"algorithm","alternatives":["dijkstra"]}
, {"name":"vehicle","alternatives":["car", "bike", "foot", "motorcycle"]}
, {"name":"weighting","alternatives":["least_noisy", "fastest", "shortest"]}
]
}
, {
"id":"S96", 
"host":"http://e003m10.istic.univ-rennes1.fr:1536/",
"services":[
{"name":"algorithm","alternatives":["dijkstra"]}
, {"name":"vehicle","alternatives":["bike", "foot"]}
, {"name":"weighting","alternatives":["fastest", "least_polluted", "least_noisy", "least_congested", "default", "most_ozonic", "shortest", "least_pollen", "most_scenic"]}
]
}
]
}

