{
"id":"C772", 
"services":[
{"name":"algorithm","alternatives":["astar"]}
, {"name":"vehicle","alternatives":["car", "bike", "foot"]}
, {"name":"weighting","alternatives":["default"]}
]
,
"platforms":[
{
"id":"S164", 
"host":"http://e103m07.istic.univ-rennes1.fr:1534/",
"services":[
{"name":"algorithm","alternatives":["astar"]}
, {"name":"vehicle","alternatives":["car", "bike"]}
, {"name":"weighting","alternatives":["fastest", "least_polluted", "default", "shortest", "least_congested", "least_noisy", "most_ozonic", "least_pollen"]}
]
}
, {
"id":"S448", 
"host":"http://e212m07.istic.univ-rennes1.fr:1532/",
"services":[
{"name":"algorithm","alternatives":["astar"]}
, {"name":"vehicle","alternatives":["bike", "car", "motorcycle", "foot"]}
, {"name":"weighting","alternatives":["fastest", "shortest", "default"]}
]
}
]
}

