{
"id":"C149", 
"services":[
{"name":"algorithm","alternatives":["dijkstra"]}
, {"name":"vehicle","alternatives":["car"]}
, {"name":"weighting","alternatives":["default", "fastest", "least_congested"]}
]
,
"platforms":[
{
"id":"S133", 
"host":"http://e103m04.istic.univ-rennes1.fr:1533/",
"services":[
{"name":"algorithm","alternatives":["dijkstra"]}
, {"name":"vehicle","alternatives":["car", "bike"]}
, {"name":"weighting","alternatives":["fastest", "least_congested"]}
]
}
, {
"id":"S370", 
"host":"http://e105m08.istic.univ-rennes1.fr:1534/",
"services":[
{"name":"algorithm","alternatives":["dijkstra"]}
, {"name":"vehicle","alternatives":["foot", "car", "bike"]}
, {"name":"weighting","alternatives":["shortest", "fastest", "default", "least_congested", "least_noisy"]}
]
}
]
}

