{
"id":"C592", 
"services":[
{"name":"algorithm","alternatives":["dijkstra"]}
, {"name":"vehicle","alternatives":["car", "bike"]}
, {"name":"weighting","alternatives":["fastest"]}
]
,
"platforms":[
{
"id":"S57", 
"host":"http://e003m06.istic.univ-rennes1.fr:1537/",
"services":[
{"name":"algorithm","alternatives":["dijkstra"]}
, {"name":"vehicle","alternatives":["bike", "foot", "car"]}
, {"name":"weighting","alternatives":["least_noisy", "fastest", "shortest", "least_polluted", "default"]}
]
}
]
}

