{
"id":"C177", 
"services":[
{"name":"algorithm","alternatives":["dijkstra"]}
, {"name":"vehicle","alternatives":["car", "scooter", "foot", "motorcycle"]}
, {"name":"weighting","alternatives":["default", "least_congested"]}
]
,
"platforms":[
{
"id":"S467", 
"host":"http://e212m09.istic.univ-rennes1.fr:1531/",
"services":[
{"name":"algorithm","alternatives":["dijkstra"]}
, {"name":"vehicle","alternatives":["car", "bike"]}
, {"name":"weighting","alternatives":["least_congested", "default"]}
]
}
, {
"id":"S539", 
"host":"http://d020m07.istic.univ-rennes1.fr:1533/",
"services":[
{"name":"algorithm","alternatives":["dijkstra"]}
, {"name":"vehicle","alternatives":["car", "foot"]}
, {"name":"weighting","alternatives":["fastest", "default"]}
]
}
, {
"id":"S451", 
"host":"http://e212m07.istic.univ-rennes1.fr:1535/",
"services":[
{"name":"algorithm","alternatives":["dijkstra"]}
, {"name":"vehicle","alternatives":["foot"]}
, {"name":"weighting","alternatives":["default", "least_congested", "shortest", "fastest", "least_noisy"]}
]
}
, {
"id":"S638", 
"host":"http://d024m02.istic.univ-rennes1.fr:1532/",
"services":[
{"name":"algorithm","alternatives":["dijkstra"]}
, {"name":"vehicle","alternatives":["car", "foot", "bike"]}
, {"name":"weighting","alternatives":["fastest", "least_congested"]}
]
}
, {
"id":"S643", 
"host":"http://d024m03.istic.univ-rennes1.fr:1532/",
"services":[
{"name":"algorithm","alternatives":["dijkstra"]}
, {"name":"vehicle","alternatives":["car", "motorcycle", "foot"]}
, {"name":"weighting","alternatives":["least_polluted", "least_congested", "least_noisy", "fastest", "default", "most_scenic"]}
]
}
, {
"id":"S113", 
"host":"http://e103m02.istic.univ-rennes1.fr:1533/",
"services":[
{"name":"algorithm","alternatives":["dijkstra"]}
, {"name":"vehicle","alternatives":["car", "foot", "bike", "scooter"]}
, {"name":"weighting","alternatives":["fastest", "shortest", "least_congested", "default", "least_polluted"]}
]
}
, {
"id":"S675", 
"host":"http://d024m09.istic.univ-rennes1.fr:1533/",
"services":[
{"name":"algorithm","alternatives":["dijkstra"]}
, {"name":"vehicle","alternatives":["car", "scooter", "motorcycle"]}
, {"name":"weighting","alternatives":["least_congested", "fastest", "default"]}
]
}
, {
"id":"S332", 
"host":"http://e105m04.istic.univ-rennes1.fr:1538/",
"services":[
{"name":"algorithm","alternatives":["dijkstra"]}
, {"name":"vehicle","alternatives":["car", "foot", "motorcycle", "bike", "scooter"]}
, {"name":"weighting","alternatives":["shortest", "least_polluted", "default", "fastest", "least_congested", "least_noisy", "least_pollen", "most_ozonic"]}
]
}
]
}

