{
"id":"C1167", 
"services":[
{"name":"algorithm","alternatives":["dijkstra"]}
, {"name":"vehicle","alternatives":["foot", "car"]}
, {"name":"weighting","alternatives":["default", "least_congested", "fastest"]}
]
,
"platforms":[
{
"id":"S93", 
"host":"http://e003m10.istic.univ-rennes1.fr:1533/",
"services":[
{"name":"algorithm","alternatives":["dijkstra"]}
, {"name":"vehicle","alternatives":["car", "foot"]}
, {"name":"weighting","alternatives":["least_congested", "default", "least_polluted", "fastest", "least_noisy"]}
]
}
]
}

