{
"id":"C787", 
"services":[
{"name":"algorithm","alternatives":["dijkstra"]}
, {"name":"vehicle","alternatives":["car", "foot"]}
, {"name":"weighting","alternatives":["least_congested"]}
]
,
"platforms":[
{
"id":"S632", 
"host":"http://d024m01.istic.univ-rennes1.fr:1536/",
"services":[
{"name":"algorithm","alternatives":["dijkstra"]}
, {"name":"vehicle","alternatives":["bike", "car"]}
, {"name":"weighting","alternatives":["least_congested", "default", "fastest", "least_polluted"]}
]
}
, {
"id":"S101", 
"host":"http://e103m01.istic.univ-rennes1.fr:1531/",
"services":[
{"name":"algorithm","alternatives":["dijkstra"]}
, {"name":"vehicle","alternatives":["bike", "car", "foot"]}
, {"name":"weighting","alternatives":["default", "least_pollen", "least_congested", "fastest"]}
]
}
]
}

