{
"id":"C894", 
"services":[
{"name":"algorithm","alternatives":["dijkstra"]}
, {"name":"vehicle","alternatives":["bike"]}
, {"name":"weighting","alternatives":["fastest", "least_polluted"]}
]
,
"platforms":[
{
"id":"S50", 
"host":"http://e003m05.istic.univ-rennes1.fr:1540/",
"services":[
{"name":"algorithm","alternatives":["dijkstra"]}
, {"name":"vehicle","alternatives":["bike"]}
, {"name":"weighting","alternatives":["fastest", "default", "least_noisy", "least_congested", "shortest"]}
]
}
, {
"id":"S512", 
"host":"http://d020m03.istic.univ-rennes1.fr:1536/",
"services":[
{"name":"algorithm","alternatives":["dijkstra"]}
, {"name":"vehicle","alternatives":["bike"]}
, {"name":"weighting","alternatives":["least_noisy", "fastest", "least_congested", "least_polluted", "default"]}
]
}
]
}

