{
"id":"C207", 
"services":[
{"name":"algorithm","alternatives":["dijkstra"]}
, {"name":"vehicle","alternatives":["motorcycle", "car"]}
, {"name":"weighting","alternatives":["fastest"]}
]
,
"platforms":[
{
"id":"S434", 
"host":"http://e212m05.istic.univ-rennes1.fr:1538/",
"services":[
{"name":"algorithm","alternatives":["dijkstra"]}
, {"name":"vehicle","alternatives":["car"]}
, {"name":"weighting","alternatives":["least_polluted", "fastest", "shortest", "default"]}
]
}
, {
"id":"S825", 
"host":"http://d028m09.istic.univ-rennes1.fr:1533/",
"services":[
{"name":"algorithm","alternatives":["dijkstra"]}
, {"name":"vehicle","alternatives":["motorcycle", "car"]}
, {"name":"weighting","alternatives":["default", "fastest", "least_polluted", "most_ozonic"]}
]
}
]
}

