{
"id":"C721", 
"services":[
{"name":"algorithm","alternatives":["dijkstra"]}
, {"name":"vehicle","alternatives":["bike", "motorcycle"]}
, {"name":"weighting","alternatives":["least_pollen", "fastest"]}
]
,
"platforms":[
{
"id":"S57", 
"host":"http://e003m06.istic.univ-rennes1.fr:1537/",
"services":[
{"name":"algorithm","alternatives":["dijkstra"]}
, {"name":"vehicle","alternatives":["bike", "foot", "car"]}
, {"name":"weighting","alternatives":["least_noisy", "fastest", "shortest", "least_polluted", "default"]}
]
}
, {
"id":"S516", 
"host":"http://d020m03.istic.univ-rennes1.fr:1540/",
"services":[
{"name":"algorithm","alternatives":["dijkstra"]}
, {"name":"vehicle","alternatives":["motorcycle", "car"]}
, {"name":"weighting","alternatives":["least_pollen", "fastest", "default"]}
]
}
, {
"id":"S827", 
"host":"http://d028m09.istic.univ-rennes1.fr:1535/",
"services":[
{"name":"algorithm","alternatives":["dijkstra"]}
, {"name":"vehicle","alternatives":["car", "bike"]}
, {"name":"weighting","alternatives":["fastest", "default", "shortest", "least_noisy", "least_congested", "least_pollen"]}
]
}
, {
"id":"S52", 
"host":"http://e003m06.istic.univ-rennes1.fr:1532/",
"services":[
{"name":"algorithm","alternatives":["dijkstra"]}
, {"name":"vehicle","alternatives":["car", "foot", "bike", "motorcycle"]}
, {"name":"weighting","alternatives":["least_noisy", "fastest"]}
]
}
, {
"id":"S55", 
"host":"http://e003m06.istic.univ-rennes1.fr:1535/",
"services":[
{"name":"algorithm","alternatives":["dijkstra"]}
, {"name":"vehicle","alternatives":["car", "bike", "motorcycle"]}
, {"name":"weighting","alternatives":["fastest", "least_pollen", "least_polluted", "default", "least_congested", "shortest", "least_noisy"]}
]
}
]
}

