{
"id":"C504", 
"services":[
{"name":"algorithm","alternatives":["dijkstra"]}
, {"name":"vehicle","alternatives":["bike"]}
, {"name":"weighting","alternatives":["default", "shortest", "fastest"]}
]
,
"platforms":[
{
"id":"S817", 
"host":"http://d028m08.istic.univ-rennes1.fr:1535/",
"services":[
{"name":"algorithm","alternatives":["dijkstra"]}
, {"name":"vehicle","alternatives":["bike", "car"]}
, {"name":"weighting","alternatives":["default"]}
]
}
, {
"id":"S137", 
"host":"http://e103m04.istic.univ-rennes1.fr:1537/",
"services":[
{"name":"algorithm","alternatives":["dijkstra"]}
, {"name":"vehicle","alternatives":["bike"]}
, {"name":"weighting","alternatives":["fastest", "least_congested", "shortest"]}
]
}
, {
"id":"S690", 
"host":"http://d026m01.istic.univ-rennes1.fr:1533/",
"services":[
{"name":"algorithm","alternatives":["dijkstra"]}
, {"name":"vehicle","alternatives":["bike"]}
, {"name":"weighting","alternatives":["fastest", "least_congested", "default", "least_polluted"]}
]
}
, {
"id":"S50", 
"host":"http://e003m05.istic.univ-rennes1.fr:1540/",
"services":[
{"name":"algorithm","alternatives":["dijkstra"]}
, {"name":"vehicle","alternatives":["bike"]}
, {"name":"weighting","alternatives":["fastest", "default", "least_noisy", "least_congested", "shortest"]}
]
}
]
}

