{
"id":"C512", 
"services":[
{"name":"algorithm","alternatives":["dijkstra"]}
, {"name":"vehicle","alternatives":["bike", "car", "motorcycle"]}
, {"name":"weighting","alternatives":["fastest", "least_polluted"]}
]
,
"platforms":[
{
"id":"S357", 
"host":"http://e105m07.istic.univ-rennes1.fr:1532/",
"services":[
{"name":"algorithm","alternatives":["dijkstra"]}
, {"name":"vehicle","alternatives":["car"]}
, {"name":"weighting","alternatives":["default", "fastest", "least_pollen"]}
]
}
, {
"id":"S599", 
"host":"http://d022m07.istic.univ-rennes1.fr:1538/",
"services":[
{"name":"algorithm","alternatives":["dijkstra"]}
, {"name":"vehicle","alternatives":["foot", "car", "bike", "motorcycle"]}
, {"name":"weighting","alternatives":["fastest", "shortest", "least_pollen"]}
]
}
, {
"id":"S442", 
"host":"http://e212m06.istic.univ-rennes1.fr:1536/",
"services":[
{"name":"algorithm","alternatives":["dijkstra"]}
, {"name":"vehicle","alternatives":["bike"]}
, {"name":"weighting","alternatives":["default", "fastest", "shortest", "least_polluted", "least_noisy", "least_congested"]}
]
}
, {
"id":"S447", 
"host":"http://e212m07.istic.univ-rennes1.fr:1531/",
"services":[
{"name":"algorithm","alternatives":["dijkstra"]}
, {"name":"vehicle","alternatives":["car"]}
, {"name":"weighting","alternatives":["shortest", "default", "fastest", "least_polluted"]}
]
}
, {
"id":"S598", 
"host":"http://d022m07.istic.univ-rennes1.fr:1537/",
"services":[
{"name":"algorithm","alternatives":["dijkstra"]}
, {"name":"vehicle","alternatives":["bike", "car", "foot", "motorcycle"]}
, {"name":"weighting","alternatives":["fastest", "default", "least_congested", "least_polluted"]}
]
}
]
}

