{
"id":"C429", 
"services":[
{"name":"algorithm","alternatives":["dijkstra"]}
, {"name":"vehicle","alternatives":["car", "foot"]}
, {"name":"weighting","alternatives":["default"]}
]
,
"platforms":[
{
"id":"S129", 
"host":"http://e103m03.istic.univ-rennes1.fr:1539/",
"services":[
{"name":"algorithm","alternatives":["dijkstra"]}
, {"name":"vehicle","alternatives":["foot"]}
, {"name":"weighting","alternatives":["least_congested", "default", "fastest", "shortest", "most_ozonic", "least_polluted"]}
]
}
, {
"id":"S726", 
"host":"http://d026m05.istic.univ-rennes1.fr:1534/",
"services":[
{"name":"algorithm","alternatives":["dijkstra"]}
, {"name":"vehicle","alternatives":["car"]}
, {"name":"weighting","alternatives":["least_congested", "default", "fastest", "shortest"]}
]
}
, {
"id":"S283", 
"host":"http://e008m09.istic.univ-rennes1.fr:1539/",
"services":[
{"name":"algorithm","alternatives":["dijkstra"]}
, {"name":"vehicle","alternatives":["foot", "bike", "car", "motorcycle"]}
, {"name":"weighting","alternatives":["least_congested", "fastest", "default", "shortest", "least_noisy", "least_pollen", "least_polluted", "most_ozonic"]}
]
}
]
}

