{
"id":"C1372", 
"services":[
{"name":"algorithm","alternatives":["dijkstra"]}
, {"name":"vehicle","alternatives":["car", "foot"]}
, {"name":"weighting","alternatives":["fastest", "least_noisy"]}
]
,
"platforms":[
{
"id":"S712", 
"host":"http://d026m03.istic.univ-rennes1.fr:1540/",
"services":[
{"name":"algorithm","alternatives":["dijkstra"]}
, {"name":"vehicle","alternatives":["car"]}
, {"name":"weighting","alternatives":["default", "fastest", "least_congested", "shortest", "least_noisy", "most_ozonic", "least_polluted", "least_pollen", "most_scenic"]}
]
}
, {
"id":"S405", 
"host":"http://e212m02.istic.univ-rennes1.fr:1539/",
"services":[
{"name":"algorithm","alternatives":["dijkstra"]}
, {"name":"vehicle","alternatives":["foot"]}
, {"name":"weighting","alternatives":["shortest", "default", "fastest", "least_congested", "most_scenic", "least_polluted"]}
]
}
, {
"id":"S732", 
"host":"http://d026m05.istic.univ-rennes1.fr:1540/",
"services":[
{"name":"algorithm","alternatives":["dijkstra"]}
, {"name":"vehicle","alternatives":["car", "foot"]}
, {"name":"weighting","alternatives":["fastest", "default", "shortest", "least_polluted"]}
]
}
, {
"id":"S52", 
"host":"http://e003m06.istic.univ-rennes1.fr:1532/",
"services":[
{"name":"algorithm","alternatives":["dijkstra"]}
, {"name":"vehicle","alternatives":["car", "foot", "bike", "motorcycle"]}
, {"name":"weighting","alternatives":["least_noisy", "fastest"]}
]
}
]
}

