{
"id":"C853", 
"services":[
{"name":"algorithm","alternatives":["dijkstra"]}
, {"name":"vehicle","alternatives":["bike", "car", "motorcycle", "foot"]}
, {"name":"weighting","alternatives":["fastest"]}
]
,
"platforms":[
{
"id":"S603", 
"host":"http://d022m08.istic.univ-rennes1.fr:1532/",
"services":[
{"name":"algorithm","alternatives":["dijkstra"]}
, {"name":"vehicle","alternatives":["car", "bike"]}
, {"name":"weighting","alternatives":["fastest", "shortest", "default", "least_polluted"]}
]
}
, {
"id":"S451", 
"host":"http://e212m07.istic.univ-rennes1.fr:1535/",
"services":[
{"name":"algorithm","alternatives":["dijkstra"]}
, {"name":"vehicle","alternatives":["foot"]}
, {"name":"weighting","alternatives":["default", "least_congested", "shortest", "fastest", "least_noisy"]}
]
}
, {
"id":"S52", 
"host":"http://e003m06.istic.univ-rennes1.fr:1532/",
"services":[
{"name":"algorithm","alternatives":["dijkstra"]}
, {"name":"vehicle","alternatives":["car", "foot", "bike", "motorcycle"]}
, {"name":"weighting","alternatives":["least_noisy", "fastest"]}
]
}
]
}

