{
"id":"C141", 
"services":[
{"name":"algorithm","alternatives":["dijkstra"]}
, {"name":"vehicle","alternatives":["car", "motorcycle", "bike"]}
, {"name":"weighting","alternatives":["least_congested", "default"]}
]
,
"platforms":[
{
"id":"S300", 
"host":"http://e105m01.istic.univ-rennes1.fr:1536/",
"services":[
{"name":"algorithm","alternatives":["dijkstra"]}
, {"name":"vehicle","alternatives":["car"]}
, {"name":"weighting","alternatives":["fastest", "least_congested"]}
]
}
, {
"id":"S450", 
"host":"http://e212m07.istic.univ-rennes1.fr:1534/",
"services":[
{"name":"algorithm","alternatives":["dijkstra"]}
, {"name":"vehicle","alternatives":["car"]}
, {"name":"weighting","alternatives":["default", "fastest", "shortest", "least_polluted", "least_congested"]}
]
}
, {
"id":"S332", 
"host":"http://e105m04.istic.univ-rennes1.fr:1538/",
"services":[
{"name":"algorithm","alternatives":["dijkstra"]}
, {"name":"vehicle","alternatives":["car", "foot", "motorcycle", "bike", "scooter"]}
, {"name":"weighting","alternatives":["shortest", "least_polluted", "default", "fastest", "least_congested", "least_noisy", "least_pollen", "most_ozonic"]}
]
}
]
}

