{
"id":"C57", 
"services":[
{"name":"algorithm","alternatives":["dijkstra"]}
, {"name":"vehicle","alternatives":["scooter", "car", "foot", "bike"]}
, {"name":"weighting","alternatives":["shortest", "default", "least_noisy"]}
]
,
"platforms":[
{
"id":"S776", 
"host":"http://d028m02.istic.univ-rennes1.fr:1534/",
"services":[
{"name":"algorithm","alternatives":["dijkstra"]}
, {"name":"vehicle","alternatives":["bike"]}
, {"name":"weighting","alternatives":["least_congested", "default", "fastest", "shortest"]}
]
}
, {
"id":"S123", 
"host":"http://e103m03.istic.univ-rennes1.fr:1533/",
"services":[
{"name":"algorithm","alternatives":["dijkstra"]}
, {"name":"vehicle","alternatives":["car", "foot"]}
, {"name":"weighting","alternatives":["least_congested", "fastest", "default"]}
]
}
, {
"id":"S582", 
"host":"http://d022m06.istic.univ-rennes1.fr:1531/",
"services":[
{"name":"algorithm","alternatives":["dijkstra"]}
, {"name":"vehicle","alternatives":["car", "bike", "motorcycle", "foot"]}
, {"name":"weighting","alternatives":["default", "least_congested"]}
]
}
, {
"id":"S643", 
"host":"http://d024m03.istic.univ-rennes1.fr:1532/",
"services":[
{"name":"algorithm","alternatives":["dijkstra"]}
, {"name":"vehicle","alternatives":["car", "motorcycle", "foot"]}
, {"name":"weighting","alternatives":["least_polluted", "least_congested", "least_noisy", "fastest", "default", "most_scenic"]}
]
}
, {
"id":"S321", 
"host":"http://e105m03.istic.univ-rennes1.fr:1537/",
"services":[
{"name":"algorithm","alternatives":["dijkstra"]}
, {"name":"vehicle","alternatives":["car"]}
, {"name":"weighting","alternatives":["fastest", "least_pollen", "default", "least_polluted", "shortest", "least_congested"]}
]
}
, {
"id":"S120", 
"host":"http://e103m02.istic.univ-rennes1.fr:1540/",
"services":[
{"name":"algorithm","alternatives":["dijkstra"]}
, {"name":"vehicle","alternatives":["car", "bike"]}
, {"name":"weighting","alternatives":["least_congested", "fastest", "least_noisy", "shortest"]}
]
}
, {
"id":"S174", 
"host":"http://e103m08.istic.univ-rennes1.fr:1533/",
"services":[
{"name":"algorithm","alternatives":["dijkstra"]}
, {"name":"vehicle","alternatives":["bike"]}
, {"name":"weighting","alternatives":["default", "shortest", "fastest", "least_polluted", "least_noisy", "least_congested", "most_scenic"]}
]
}
, {
"id":"S473", 
"host":"http://e212m09.istic.univ-rennes1.fr:1537/",
"services":[
{"name":"algorithm","alternatives":["dijkstra"]}
, {"name":"vehicle","alternatives":["car", "bike"]}
, {"name":"weighting","alternatives":["default", "least_noisy", "least_congested", "fastest", "most_scenic", "shortest", "least_pollen"]}
]
}
, {
"id":"S633", 
"host":"http://d024m01.istic.univ-rennes1.fr:1537/",
"services":[
{"name":"algorithm","alternatives":["dijkstra"]}
, {"name":"vehicle","alternatives":["car", "foot"]}
, {"name":"weighting","alternatives":["least_congested", "shortest", "most_scenic", "fastest", "least_noisy"]}
]
}
, {
"id":"S501", 
"host":"http://d020m02.istic.univ-rennes1.fr:1535/",
"services":[
{"name":"algorithm","alternatives":["dijkstra"]}
, {"name":"vehicle","alternatives":["car", "scooter", "foot"]}
, {"name":"weighting","alternatives":["default", "fastest", "shortest", "least_polluted"]}
]
}
, {
"id":"S396", 
"host":"http://e212m01.istic.univ-rennes1.fr:1540/",
"services":[
{"name":"algorithm","alternatives":["dijkstra"]}
, {"name":"vehicle","alternatives":["bike", "car", "foot"]}
, {"name":"weighting","alternatives":["least_noisy", "fastest"]}
]
}
, {
"id":"S623", 
"host":"http://d022m10.istic.univ-rennes1.fr:1537/",
"services":[
{"name":"algorithm","alternatives":["dijkstra"]}
, {"name":"vehicle","alternatives":["bike", "car", "scooter", "foot"]}
, {"name":"weighting","alternatives":["fastest", "default", "shortest"]}
]
}
, {
"id":"S96", 
"host":"http://e003m10.istic.univ-rennes1.fr:1536/",
"services":[
{"name":"algorithm","alternatives":["dijkstra"]}
, {"name":"vehicle","alternatives":["bike", "foot"]}
, {"name":"weighting","alternatives":["fastest", "least_polluted", "least_noisy", "least_congested", "default", "most_ozonic", "shortest", "least_pollen", "most_scenic"]}
]
}
, {
"id":"S743", 
"host":"http://d026m07.istic.univ-rennes1.fr:1536/",
"services":[
{"name":"algorithm","alternatives":["dijkstra"]}
, {"name":"vehicle","alternatives":["car", "foot", "bike"]}
, {"name":"weighting","alternatives":["least_congested", "shortest", "fastest", "default", "least_noisy"]}
]
}
, {
"id":"S332", 
"host":"http://e105m04.istic.univ-rennes1.fr:1538/",
"services":[
{"name":"algorithm","alternatives":["dijkstra"]}
, {"name":"vehicle","alternatives":["car", "foot", "motorcycle", "bike", "scooter"]}
, {"name":"weighting","alternatives":["shortest", "least_polluted", "default", "fastest", "least_congested", "least_noisy", "least_pollen", "most_ozonic"]}
]
}
]
}

