{
"id":"C18", 
"services":[
{"name":"algorithm","alternatives":["dijkstra"]}
, {"name":"vehicle","alternatives":["car", "bike", "motorcycle"]}
, {"name":"weighting","alternatives":["most_ozonic"]}
]
,
"platforms":[
{
"id":"S106", 
"host":"http://e103m01.istic.univ-rennes1.fr:1536/",
"services":[
{"name":"algorithm","alternatives":["dijkstra"]}
, {"name":"vehicle","alternatives":["bike"]}
, {"name":"weighting","alternatives":["fastest", "least_congested", "default", "shortest", "least_polluted", "least_noisy", "most_ozonic"]}
]
}
, {
"id":"S419", 
"host":"http://e212m04.istic.univ-rennes1.fr:1533/",
"services":[
{"name":"algorithm","alternatives":["dijkstra"]}
, {"name":"vehicle","alternatives":["car", "bike"]}
, {"name":"weighting","alternatives":["default", "least_noisy", "least_congested", "fastest", "most_ozonic", "shortest", "least_pollen"]}
]
}
, {
"id":"S332", 
"host":"http://e105m04.istic.univ-rennes1.fr:1538/",
"services":[
{"name":"algorithm","alternatives":["dijkstra"]}
, {"name":"vehicle","alternatives":["car", "foot", "motorcycle", "bike", "scooter"]}
, {"name":"weighting","alternatives":["shortest", "least_polluted", "default", "fastest", "least_congested", "least_noisy", "least_pollen", "most_ozonic"]}
]
}
]
}

