{
"id":"C417", 
"services":[
{"name":"algorithm","alternatives":["dijkstra"]}
, {"name":"vehicle","alternatives":["car"]}
, {"name":"weighting","alternatives":["most_ozonic", "least_polluted", "shortest", "fastest", "least_congested", "default"]}
]
,
"platforms":[
{
"id":"S121", 
"host":"http://e103m03.istic.univ-rennes1.fr:1531/",
"services":[
{"name":"algorithm","alternatives":["dijkstra"]}
, {"name":"vehicle","alternatives":["car"]}
, {"name":"weighting","alternatives":["fastest", "shortest", "default", "least_polluted", "least_congested", "least_pollen"]}
]
}
, {
"id":"S275", 
"host":"http://e008m09.istic.univ-rennes1.fr:1531/",
"services":[
{"name":"algorithm","alternatives":["dijkstra"]}
, {"name":"vehicle","alternatives":["car"]}
, {"name":"weighting","alternatives":["shortest", "fastest", "default", "least_noisy", "most_ozonic", "least_polluted"]}
]
}
, {
"id":"S289", 
"host":"http://e008m10.istic.univ-rennes1.fr:1535/",
"services":[
{"name":"algorithm","alternatives":["dijkstra"]}
, {"name":"vehicle","alternatives":["car"]}
, {"name":"weighting","alternatives":["shortest", "fastest", "default", "most_ozonic", "least_noisy", "least_congested", "least_pollen", "least_polluted"]}
]
}
]
}

