{
"id":"C978", 
"services":[
{"name":"algorithm","alternatives":["dijkstra"]}
, {"name":"vehicle","alternatives":["car"]}
, {"name":"weighting","alternatives":["fastest", "least_congested", "least_noisy", "default", "shortest", "least_polluted", "least_pollen"]}
]
,
"platforms":[
{
"id":"S132", 
"host":"http://e103m04.istic.univ-rennes1.fr:1532/",
"services":[
{"name":"algorithm","alternatives":["dijkstra"]}
, {"name":"vehicle","alternatives":["car", "bike"]}
, {"name":"weighting","alternatives":["least_congested", "default", "fastest", "least_polluted"]}
]
}
, {
"id":"S659", 
"host":"http://d024m06.istic.univ-rennes1.fr:1533/",
"services":[
{"name":"algorithm","alternatives":["dijkstra"]}
, {"name":"vehicle","alternatives":["car"]}
, {"name":"weighting","alternatives":["fastest", "least_noisy"]}
]
}
, {
"id":"S633", 
"host":"http://d024m01.istic.univ-rennes1.fr:1537/",
"services":[
{"name":"algorithm","alternatives":["dijkstra"]}
, {"name":"vehicle","alternatives":["car", "foot"]}
, {"name":"weighting","alternatives":["least_congested", "shortest", "most_scenic", "fastest", "least_noisy"]}
]
}
, {
"id":"S672", 
"host":"http://d024m08.istic.univ-rennes1.fr:1535/",
"services":[
{"name":"algorithm","alternatives":["dijkstra"]}
, {"name":"vehicle","alternatives":["car"]}
, {"name":"weighting","alternatives":["fastest", "shortest", "default", "least_pollen"]}
]
}
, {
"id":"S447", 
"host":"http://e212m07.istic.univ-rennes1.fr:1531/",
"services":[
{"name":"algorithm","alternatives":["dijkstra"]}
, {"name":"vehicle","alternatives":["car"]}
, {"name":"weighting","alternatives":["shortest", "default", "fastest", "least_polluted"]}
]
}
, {
"id":"S439", 
"host":"http://e212m06.istic.univ-rennes1.fr:1533/",
"services":[
{"name":"algorithm","alternatives":["dijkstra"]}
, {"name":"vehicle","alternatives":["car"]}
, {"name":"weighting","alternatives":["least_congested", "fastest", "default", "shortest"]}
]
}
, {
"id":"S694", 
"host":"http://d026m02.istic.univ-rennes1.fr:1532/",
"services":[
{"name":"algorithm","alternatives":["dijkstra"]}
, {"name":"vehicle","alternatives":["car"]}
, {"name":"weighting","alternatives":["least_noisy", "default", "fastest"]}
]
}
, {
"id":"S92", 
"host":"http://e003m10.istic.univ-rennes1.fr:1532/",
"services":[
{"name":"algorithm","alternatives":["dijkstra"]}
, {"name":"vehicle","alternatives":["car"]}
, {"name":"weighting","alternatives":["default", "fastest", "shortest", "least_pollen", "least_congested", "most_ozonic", "least_noisy"]}
]
}
, {
"id":"S233", 
"host":"http://e008m05.istic.univ-rennes1.fr:1531/",
"services":[
{"name":"algorithm","alternatives":["dijkstra"]}
, {"name":"vehicle","alternatives":["car"]}
, {"name":"weighting","alternatives":["least_noisy", "fastest", "least_congested", "most_scenic", "least_polluted", "default"]}
]
}
, {
"id":"S359", 
"host":"http://e105m07.istic.univ-rennes1.fr:1534/",
"services":[
{"name":"algorithm","alternatives":["dijkstra"]}
, {"name":"vehicle","alternatives":["car"]}
, {"name":"weighting","alternatives":["fastest", "default", "shortest", "least_congested", "least_noisy", "least_polluted", "least_pollen", "most_ozonic"]}
]
}
]
}

