{
"id":"C1003", 
"services":[
{"name":"algorithm","alternatives":["dijkstra"]}
, {"name":"vehicle","alternatives":["car", "bike", "motorcycle"]}
, {"name":"weighting","alternatives":["least_congested", "fastest", "default"]}
]
,
"platforms":[
{
"id":"S388", 
"host":"http://e212m01.istic.univ-rennes1.fr:1532/",
"services":[
{"name":"algorithm","alternatives":["dijkstra"]}
, {"name":"vehicle","alternatives":["car"]}
, {"name":"weighting","alternatives":["fastest", "default", "shortest", "least_congested", "most_ozonic"]}
]
}
, {
"id":"S109", 
"host":"http://e103m01.istic.univ-rennes1.fr:1539/",
"services":[
{"name":"algorithm","alternatives":["dijkstra"]}
, {"name":"vehicle","alternatives":["car", "bike"]}
, {"name":"weighting","alternatives":["default", "fastest", "least_noisy", "shortest"]}
]
}
, {
"id":"S586", 
"host":"http://d022m06.istic.univ-rennes1.fr:1535/",
"services":[
{"name":"algorithm","alternatives":["dijkstra"]}
, {"name":"vehicle","alternatives":["car", "bike"]}
, {"name":"weighting","alternatives":["fastest", "default", "least_congested", "least_noisy", "shortest"]}
]
}
, {
"id":"S222", 
"host":"http://e008m03.istic.univ-rennes1.fr:1540/",
"services":[
{"name":"algorithm","alternatives":["dijkstra"]}
, {"name":"vehicle","alternatives":["car", "motorcycle"]}
, {"name":"weighting","alternatives":["shortest", "fastest", "least_noisy", "least_polluted", "default"]}
]
}
, {
"id":"S317", 
"host":"http://e105m03.istic.univ-rennes1.fr:1533/",
"services":[
{"name":"algorithm","alternatives":["dijkstra"]}
, {"name":"vehicle","alternatives":["car", "motorcycle", "bike"]}
, {"name":"weighting","alternatives":["default", "fastest"]}
]
}
, {
"id":"S148", 
"host":"http://e103m05.istic.univ-rennes1.fr:1538/",
"services":[
{"name":"algorithm","alternatives":["dijkstra"]}
, {"name":"vehicle","alternatives":["car", "motorcycle"]}
, {"name":"weighting","alternatives":["least_noisy", "least_congested", "least_polluted"]}
]
}
, {
"id":"S282", 
"host":"http://e008m09.istic.univ-rennes1.fr:1538/",
"services":[
{"name":"algorithm","alternatives":["dijkstra"]}
, {"name":"vehicle","alternatives":["car", "bike", "motorcycle"]}
, {"name":"weighting","alternatives":["fastest", "shortest", "default", "least_noisy", "least_polluted", "least_congested", "most_ozonic", "most_scenic"]}
]
}
]
}

