{
"id":"C230", 
"services":[
{"name":"algorithm","alternatives":["astar"]}
, {"name":"vehicle","alternatives":["car", "foot", "bike"]}
, {"name":"weighting","alternatives":["shortest"]}
]
,
"platforms":[
{
"id":"S757", 
"host":"http://d026m09.istic.univ-rennes1.fr:1535/",
"services":[
{"name":"algorithm","alternatives":["astar"]}
, {"name":"vehicle","alternatives":["car"]}
, {"name":"weighting","alternatives":["fastest", "default", "least_noisy", "least_congested", "least_polluted", "most_scenic", "shortest"]}
]
}
, {
"id":"S178", 
"host":"http://e103m08.istic.univ-rennes1.fr:1537/",
"services":[
{"name":"algorithm","alternatives":["astar"]}
, {"name":"vehicle","alternatives":["bike", "car"]}
, {"name":"weighting","alternatives":["fastest", "default", "shortest", "least_polluted", "least_congested", "least_noisy"]}
]
}
, {
"id":"S662", 
"host":"http://d024m07.istic.univ-rennes1.fr:1531/",
"services":[
{"name":"algorithm","alternatives":["astar"]}
, {"name":"vehicle","alternatives":["car", "foot", "bike"]}
, {"name":"weighting","alternatives":["least_polluted", "least_pollen", "fastest", "least_congested", "default", "shortest", "most_ozonic", "least_noisy"]}
]
}
]
}

