{
"id":"C1400", 
"services":[
{"name":"algorithm","alternatives":["dijkstra"]}
, {"name":"vehicle","alternatives":["car", "bike"]}
, {"name":"weighting","alternatives":["shortest"]}
]
,
"platforms":[
{
"id":"S75", 
"host":"http://e003m08.istic.univ-rennes1.fr:1535/",
"services":[
{"name":"algorithm","alternatives":["dijkstra"]}
, {"name":"vehicle","alternatives":["car"]}
, {"name":"weighting","alternatives":["fastest", "default", "least_polluted", "least_congested", "shortest", "least_pollen"]}
]
}
, {
"id":"S419", 
"host":"http://e212m04.istic.univ-rennes1.fr:1533/",
"services":[
{"name":"algorithm","alternatives":["dijkstra"]}
, {"name":"vehicle","alternatives":["car", "bike"]}
, {"name":"weighting","alternatives":["default", "least_noisy", "least_congested", "fastest", "most_ozonic", "shortest", "least_pollen"]}
]
}
]
}

