{
"id":"C300", 
"services":[
{"name":"algorithm","alternatives":["dijkstra"]}
, {"name":"vehicle","alternatives":["car", "bike"]}
, {"name":"weighting","alternatives":["default"]}
]
,
"platforms":[
{
"id":"S730", 
"host":"http://d026m05.istic.univ-rennes1.fr:1538/",
"services":[
{"name":"algorithm","alternatives":["dijkstra"]}
, {"name":"vehicle","alternatives":["car"]}
, {"name":"weighting","alternatives":["least_noisy", "default", "fastest", "shortest", "least_congested", "least_polluted"]}
]
}
, {
"id":"S205", 
"host":"http://e008m02.istic.univ-rennes1.fr:1533/",
"services":[
{"name":"algorithm","alternatives":["dijkstra"]}
, {"name":"vehicle","alternatives":["car", "bike"]}
, {"name":"weighting","alternatives":["default", "least_congested", "fastest", "least_polluted", "shortest"]}
]
}
]
}

