{
"id":"C1153", 
"services":[
{"name":"algorithm","alternatives":["dijkstra"]}
, {"name":"vehicle","alternatives":["car"]}
, {"name":"weighting","alternatives":["most_ozonic", "fastest", "least_polluted"]}
]
,
"platforms":[
{
"id":"S315", 
"host":"http://e105m03.istic.univ-rennes1.fr:1531/",
"services":[
{"name":"algorithm","alternatives":["dijkstra"]}
, {"name":"vehicle","alternatives":["bike", "car"]}
, {"name":"weighting","alternatives":["fastest", "least_congested", "least_polluted", "shortest"]}
]
}
, {
"id":"S388", 
"host":"http://e212m01.istic.univ-rennes1.fr:1532/",
"services":[
{"name":"algorithm","alternatives":["dijkstra"]}
, {"name":"vehicle","alternatives":["car"]}
, {"name":"weighting","alternatives":["fastest", "default", "shortest", "least_congested", "most_ozonic"]}
]
}
, {
"id":"S549", 
"host":"http://d020m10.istic.univ-rennes1.fr:1533/",
"services":[
{"name":"algorithm","alternatives":["dijkstra"]}
, {"name":"vehicle","alternatives":["car"]}
, {"name":"weighting","alternatives":["fastest", "least_noisy", "least_polluted", "least_congested", "default", "shortest", "most_ozonic", "least_pollen"]}
]
}
]
}

