{
"id":"C418", 
"services":[
{"name":"algorithm","alternatives":["dijkstra"]}
, {"name":"vehicle","alternatives":["car", "motorcycle", "bike"]}
, {"name":"weighting","alternatives":["fastest", "shortest"]}
]
,
"platforms":[
{
"id":"S767", 
"host":"http://d026m10.istic.univ-rennes1.fr:1540/",
"services":[
{"name":"algorithm","alternatives":["dijkstra"]}
, {"name":"vehicle","alternatives":["bike", "car"]}
, {"name":"weighting","alternatives":["fastest", "least_pollen", "default", "shortest", "least_congested"]}
]
}
, {
"id":"S674", 
"host":"http://d024m09.istic.univ-rennes1.fr:1532/",
"services":[
{"name":"algorithm","alternatives":["dijkstra"]}
, {"name":"vehicle","alternatives":["car", "bike", "motorcycle", "foot"]}
, {"name":"weighting","alternatives":["fastest", "least_congested", "least_pollen", "default", "shortest", "most_ozonic", "least_polluted"]}
]
}
]
}

