{
"id":"C755", 
"services":[
{"name":"algorithm","alternatives":["dijkstra"]}
, {"name":"vehicle","alternatives":["foot", "car"]}
, {"name":"weighting","alternatives":["fastest", "least_polluted"]}
]
,
"platforms":[
{
"id":"S205", 
"host":"http://e008m02.istic.univ-rennes1.fr:1533/",
"services":[
{"name":"algorithm","alternatives":["dijkstra"]}
, {"name":"vehicle","alternatives":["car", "bike"]}
, {"name":"weighting","alternatives":["default", "least_congested", "fastest", "least_polluted", "shortest"]}
]
}
, {
"id":"S569", 
"host":"http://d022m04.istic.univ-rennes1.fr:1533/",
"services":[
{"name":"algorithm","alternatives":["dijkstra"]}
, {"name":"vehicle","alternatives":["car", "foot", "scooter"]}
, {"name":"weighting","alternatives":["shortest", "fastest"]}
]
}
, {
"id":"S654", 
"host":"http://d024m05.istic.univ-rennes1.fr:1533/",
"services":[
{"name":"algorithm","alternatives":["dijkstra"]}
, {"name":"vehicle","alternatives":["car", "foot"]}
, {"name":"weighting","alternatives":["default", "fastest", "least_polluted"]}
]
}
]
}

