{
"id":"C1406", 
"services":[
{"name":"algorithm","alternatives":["dijkstra"]}
, {"name":"vehicle","alternatives":["car"]}
, {"name":"weighting","alternatives":["fastest", "default"]}
]
,
"platforms":[
{
"id":"S567", 
"host":"http://d022m04.istic.univ-rennes1.fr:1531/",
"services":[
{"name":"algorithm","alternatives":["dijkstra"]}
, {"name":"vehicle","alternatives":["car"]}
, {"name":"weighting","alternatives":["default", "fastest", "least_congested", "shortest", "least_polluted", "most_ozonic", "least_noisy"]}
]
}
]
}

