{
"id":"C151", 
"services":[
{"name":"algorithm","alternatives":["dijkstra"]}
, {"name":"vehicle","alternatives":["car", "foot"]}
, {"name":"weighting","alternatives":["least_polluted", "fastest", "least_congested"]}
]
,
"platforms":[
{
"id":"S215", 
"host":"http://e008m03.istic.univ-rennes1.fr:1533/",
"services":[
{"name":"algorithm","alternatives":["dijkstra"]}
, {"name":"vehicle","alternatives":["car", "bike"]}
, {"name":"weighting","alternatives":["default", "fastest", "shortest"]}
]
}
, {
"id":"S187", 
"host":"http://e103m09.istic.univ-rennes1.fr:1536/",
"services":[
{"name":"algorithm","alternatives":["dijkstra"]}
, {"name":"vehicle","alternatives":["car", "bike"]}
, {"name":"weighting","alternatives":["default", "fastest", "shortest", "least_congested", "most_scenic"]}
]
}
, {
"id":"S474", 
"host":"http://e212m09.istic.univ-rennes1.fr:1538/",
"services":[
{"name":"algorithm","alternatives":["dijkstra"]}
, {"name":"vehicle","alternatives":["car"]}
, {"name":"weighting","alternatives":["least_polluted", "fastest"]}
]
}
, {
"id":"S278", 
"host":"http://e008m09.istic.univ-rennes1.fr:1534/",
"services":[
{"name":"algorithm","alternatives":["dijkstra"]}
, {"name":"vehicle","alternatives":["car", "bike"]}
, {"name":"weighting","alternatives":["default", "least_congested", "fastest", "shortest", "least_pollen", "least_noisy", "least_polluted"]}
]
}
, {
"id":"S784", 
"host":"http://d028m04.istic.univ-rennes1.fr:1532/",
"services":[
{"name":"algorithm","alternatives":["dijkstra"]}
, {"name":"vehicle","alternatives":["bike", "car", "foot"]}
, {"name":"weighting","alternatives":["default", "least_congested", "fastest", "least_polluted", "most_scenic"]}
]
}
]
}

