{
"id":"C1108", 
"services":[
{"name":"algorithm","alternatives":["dijkstra"]}
, {"name":"vehicle","alternatives":["foot", "car"]}
, {"name":"weighting","alternatives":["fastest", "default", "shortest", "most_ozonic", "least_congested", "least_pollen"]}
]
,
"platforms":[
{
"id":"S86", 
"host":"http://e003m09.istic.univ-rennes1.fr:1536/",
"services":[
{"name":"algorithm","alternatives":["dijkstra"]}
, {"name":"vehicle","alternatives":["car"]}
, {"name":"weighting","alternatives":["default"]}
]
}
, {
"id":"S572", 
"host":"http://d022m05.istic.univ-rennes1.fr:1531/",
"services":[
{"name":"algorithm","alternatives":["dijkstra"]}
, {"name":"vehicle","alternatives":["foot"]}
, {"name":"weighting","alternatives":["shortest", "least_noisy", "fastest", "least_polluted", "least_congested"]}
]
}
, {
"id":"S10", 
"host":"http://e003m01.istic.univ-rennes1.fr:1540/",
"services":[
{"name":"algorithm","alternatives":["dijkstra"]}
, {"name":"vehicle","alternatives":["car", "foot"]}
, {"name":"weighting","alternatives":["fastest"]}
]
}
, {
"id":"S769", 
"host":"http://d028m01.istic.univ-rennes1.fr:1532/",
"services":[
{"name":"algorithm","alternatives":["dijkstra"]}
, {"name":"vehicle","alternatives":["car", "bike", "foot"]}
, {"name":"weighting","alternatives":["default", "fastest"]}
]
}
, {
"id":"S728", 
"host":"http://d026m05.istic.univ-rennes1.fr:1536/",
"services":[
{"name":"algorithm","alternatives":["dijkstra"]}
, {"name":"vehicle","alternatives":["car"]}
, {"name":"weighting","alternatives":["fastest", "least_congested", "default", "least_polluted", "least_noisy"]}
]
}
, {
"id":"S483", 
"host":"http://e212m10.istic.univ-rennes1.fr:1537/",
"services":[
{"name":"algorithm","alternatives":["dijkstra"]}
, {"name":"vehicle","alternatives":["car"]}
, {"name":"weighting","alternatives":["shortest"]}
]
}
, {
"id":"S120", 
"host":"http://e103m02.istic.univ-rennes1.fr:1540/",
"services":[
{"name":"algorithm","alternatives":["dijkstra"]}
, {"name":"vehicle","alternatives":["car", "bike"]}
, {"name":"weighting","alternatives":["least_congested", "fastest", "least_noisy", "shortest"]}
]
}
, {
"id":"S68", 
"host":"http://e003m07.istic.univ-rennes1.fr:1538/",
"services":[
{"name":"algorithm","alternatives":["dijkstra"]}
, {"name":"vehicle","alternatives":["car"]}
, {"name":"weighting","alternatives":["default", "fastest", "least_polluted", "shortest", "least_noisy"]}
]
}
, {
"id":"S329", 
"host":"http://e105m04.istic.univ-rennes1.fr:1535/",
"services":[
{"name":"algorithm","alternatives":["dijkstra"]}
, {"name":"vehicle","alternatives":["car"]}
, {"name":"weighting","alternatives":["fastest", "least_congested", "default", "shortest", "least_pollen", "least_polluted"]}
]
}
, {
"id":"S681", 
"host":"http://d024m10.istic.univ-rennes1.fr:1534/",
"services":[
{"name":"algorithm","alternatives":["dijkstra"]}
, {"name":"vehicle","alternatives":["car", "foot", "bike"]}
, {"name":"weighting","alternatives":["default", "fastest", "shortest", "least_congested"]}
]
}
, {
"id":"S350", 
"host":"http://e105m06.istic.univ-rennes1.fr:1535/",
"services":[
{"name":"algorithm","alternatives":["dijkstra"]}
, {"name":"vehicle","alternatives":["car", "foot", "bike"]}
, {"name":"weighting","alternatives":["fastest", "default", "shortest", "least_congested", "least_polluted", "least_pollen"]}
]
}
, {
"id":"S619", 
"host":"http://d022m10.istic.univ-rennes1.fr:1533/",
"services":[
{"name":"algorithm","alternatives":["dijkstra"]}
, {"name":"vehicle","alternatives":["car"]}
, {"name":"weighting","alternatives":["fastest", "least_noisy", "least_congested", "default", "least_polluted", "shortest", "least_pollen", "most_ozonic"]}
]
}
, {
"id":"S795", 
"host":"http://d028m05.istic.univ-rennes1.fr:1533/",
"services":[
{"name":"algorithm","alternatives":["dijkstra"]}
, {"name":"vehicle","alternatives":["foot"]}
, {"name":"weighting","alternatives":["default", "fastest", "shortest", "least_noisy", "most_ozonic", "least_polluted"]}
]
}
, {
"id":"S670", 
"host":"http://d024m08.istic.univ-rennes1.fr:1533/",
"services":[
{"name":"algorithm","alternatives":["dijkstra"]}
, {"name":"vehicle","alternatives":["foot"]}
, {"name":"weighting","alternatives":["default", "most_ozonic", "fastest", "least_congested", "shortest"]}
]
}
, {
"id":"S138", 
"host":"http://e103m04.istic.univ-rennes1.fr:1538/",
"services":[
{"name":"algorithm","alternatives":["dijkstra"]}
, {"name":"vehicle","alternatives":["foot"]}
, {"name":"weighting","alternatives":["least_congested", "fastest", "default", "shortest", "least_polluted", "least_noisy", "most_ozonic", "least_pollen"]}
]
}
, {
"id":"S39", 
"host":"http://e003m04.istic.univ-rennes1.fr:1539/",
"services":[
{"name":"algorithm","alternatives":["dijkstra"]}
, {"name":"vehicle","alternatives":["foot", "car"]}
, {"name":"weighting","alternatives":["default", "fastest", "most_ozonic", "shortest"]}
]
}
, {
"id":"S34", 
"host":"http://e003m04.istic.univ-rennes1.fr:1534/",
"services":[
{"name":"algorithm","alternatives":["dijkstra"]}
, {"name":"vehicle","alternatives":["car", "bike", "foot"]}
, {"name":"weighting","alternatives":["shortest", "default", "least_congested", "fastest", "most_ozonic"]}
]
}
, {
"id":"S225", 
"host":"http://e008m04.istic.univ-rennes1.fr:1533/",
"services":[
{"name":"algorithm","alternatives":["dijkstra"]}
, {"name":"vehicle","alternatives":["car", "foot"]}
, {"name":"weighting","alternatives":["default", "fastest", "least_polluted", "least_congested", "least_pollen", "shortest", "most_ozonic"]}
]
}
]
}

