{
"id":"C1156", 
"services":[
{"name":"algorithm","alternatives":["dijkstra"]}
, {"name":"vehicle","alternatives":["car", "motorcycle"]}
, {"name":"weighting","alternatives":["fastest", "default", "least_polluted"]}
]
,
"platforms":[
{
"id":"S278", 
"host":"http://e008m09.istic.univ-rennes1.fr:1534/",
"services":[
{"name":"algorithm","alternatives":["dijkstra"]}
, {"name":"vehicle","alternatives":["car", "bike"]}
, {"name":"weighting","alternatives":["default", "least_congested", "fastest", "shortest", "least_pollen", "least_noisy", "least_polluted"]}
]
}
, {
"id":"S465", 
"host":"http://e212m08.istic.univ-rennes1.fr:1539/",
"services":[
{"name":"algorithm","alternatives":["dijkstra"]}
, {"name":"vehicle","alternatives":["motorcycle", "car"]}
, {"name":"weighting","alternatives":["least_noisy", "fastest", "default", "least_congested", "most_scenic"]}
]
}
, {
"id":"S282", 
"host":"http://e008m09.istic.univ-rennes1.fr:1538/",
"services":[
{"name":"algorithm","alternatives":["dijkstra"]}
, {"name":"vehicle","alternatives":["car", "bike", "motorcycle"]}
, {"name":"weighting","alternatives":["fastest", "shortest", "default", "least_noisy", "least_polluted", "least_congested", "most_ozonic", "most_scenic"]}
]
}
]
}

