{
"id":"C289", 
"services":[
{"name":"algorithm","alternatives":["dijkstra"]}
, {"name":"vehicle","alternatives":["car", "bike"]}
, {"name":"weighting","alternatives":["fastest"]}
]
,
"platforms":[
{
"id":"S841", 
"host":"http://d122m01.istic.univ-rennes1.fr:1534/",
"services":[
{"name":"algorithm","alternatives":["dijkstra"]}
, {"name":"vehicle","alternatives":["car"]}
, {"name":"weighting","alternatives":["fastest", "default", "least_congested", "shortest", "least_noisy"]}
]
}
, {
"id":"S454", 
"host":"http://e212m07.istic.univ-rennes1.fr:1538/",
"services":[
{"name":"algorithm","alternatives":["dijkstra"]}
, {"name":"vehicle","alternatives":["bike"]}
, {"name":"weighting","alternatives":["fastest", "least_polluted", "most_ozonic", "least_noisy", "default", "shortest", "least_congested", "least_pollen"]}
]
}
, {
"id":"S294", 
"host":"http://e008m10.istic.univ-rennes1.fr:1540/",
"services":[
{"name":"algorithm","alternatives":["dijkstra"]}
, {"name":"vehicle","alternatives":["bike", "car"]}
, {"name":"weighting","alternatives":["least_polluted", "fastest", "least_congested", "least_noisy"]}
]
}
]
}

