{
"id":"C1316", 
"services":[
{"name":"algorithm","alternatives":["dijkstra"]}
, {"name":"vehicle","alternatives":["car"]}
, {"name":"weighting","alternatives":["fastest", "shortest", "default"]}
]
,
"platforms":[
{
"id":"S94", 
"host":"http://e003m10.istic.univ-rennes1.fr:1534/",
"services":[
{"name":"algorithm","alternatives":["dijkstra"]}
, {"name":"vehicle","alternatives":["car"]}
, {"name":"weighting","alternatives":["default", "fastest", "least_congested"]}
]
}
, {
"id":"S180", 
"host":"http://e103m08.istic.univ-rennes1.fr:1539/",
"services":[
{"name":"algorithm","alternatives":["dijkstra"]}
, {"name":"vehicle","alternatives":["car"]}
, {"name":"weighting","alternatives":["fastest", "least_polluted", "default", "least_congested", "shortest"]}
]
}
]
}

