{
"id":"C1412", 
"services":[
{"name":"algorithm","alternatives":["dijkstra"]}
, {"name":"vehicle","alternatives":["bike"]}
, {"name":"weighting","alternatives":["default", "fastest", "least_congested"]}
]
,
"platforms":[
{
"id":"S302", 
"host":"http://e105m01.istic.univ-rennes1.fr:1538/",
"services":[
{"name":"algorithm","alternatives":["dijkstra"]}
, {"name":"vehicle","alternatives":["car", "bike"]}
, {"name":"weighting","alternatives":["most_ozonic", "fastest", "default", "shortest", "least_polluted"]}
]
}
, {
"id":"S740", 
"host":"http://d026m07.istic.univ-rennes1.fr:1533/",
"services":[
{"name":"algorithm","alternatives":["dijkstra"]}
, {"name":"vehicle","alternatives":["car", "bike"]}
, {"name":"weighting","alternatives":["default", "least_congested", "least_polluted", "fastest"]}
]
}
]
}

