{
"id":"C136", 
"services":[
{"name":"algorithm","alternatives":["dijkstra"]}
, {"name":"vehicle","alternatives":["car", "foot", "bike"]}
, {"name":"weighting","alternatives":["default", "fastest"]}
]
,
"platforms":[
{
"id":"S491", 
"host":"http://d020m01.istic.univ-rennes1.fr:1535/",
"services":[
{"name":"algorithm","alternatives":["dijkstra"]}
, {"name":"vehicle","alternatives":["foot", "bike", "motorcycle", "car"]}
, {"name":"weighting","alternatives":["fastest", "least_congested", "shortest", "default", "least_polluted", "least_noisy"]}
]
}
]
}

