{
"id":"C10", 
"services":[
{"name":"algorithm","alternatives":["dijkstra"]}
, {"name":"vehicle","alternatives":["scooter", "car", "motorcycle"]}
, {"name":"weighting","alternatives":["fastest"]}
]
,
"platforms":[
{
"id":"S123", 
"host":"http://e103m03.istic.univ-rennes1.fr:1533/",
"services":[
{"name":"algorithm","alternatives":["dijkstra"]}
, {"name":"vehicle","alternatives":["car", "foot"]}
, {"name":"weighting","alternatives":["least_congested", "fastest", "default"]}
]
}
, {
"id":"S500", 
"host":"http://d020m02.istic.univ-rennes1.fr:1534/",
"services":[
{"name":"algorithm","alternatives":["dijkstra"]}
, {"name":"vehicle","alternatives":["car", "motorcycle"]}
, {"name":"weighting","alternatives":["fastest", "default", "least_noisy", "least_polluted"]}
]
}
, {
"id":"S113", 
"host":"http://e103m02.istic.univ-rennes1.fr:1533/",
"services":[
{"name":"algorithm","alternatives":["dijkstra"]}
, {"name":"vehicle","alternatives":["car", "foot", "bike", "scooter"]}
, {"name":"weighting","alternatives":["fastest", "shortest", "least_congested", "default", "least_polluted"]}
]
}
, {
"id":"S332", 
"host":"http://e105m04.istic.univ-rennes1.fr:1538/",
"services":[
{"name":"algorithm","alternatives":["dijkstra"]}
, {"name":"vehicle","alternatives":["car", "foot", "motorcycle", "bike", "scooter"]}
, {"name":"weighting","alternatives":["shortest", "least_polluted", "default", "fastest", "least_congested", "least_noisy", "least_pollen", "most_ozonic"]}
]
}
]
}

