{
"id":"C1300", 
"services":[
{"name":"algorithm","alternatives":["dijkstra"]}
, {"name":"vehicle","alternatives":["car", "foot"]}
, {"name":"weighting","alternatives":["default", "fastest", "least_pollen"]}
]
,
"platforms":[
{
"id":"S236", 
"host":"http://e008m05.istic.univ-rennes1.fr:1534/",
"services":[
{"name":"algorithm","alternatives":["dijkstra"]}
, {"name":"vehicle","alternatives":["car"]}
, {"name":"weighting","alternatives":["default", "fastest", "least_polluted", "least_noisy", "least_congested", "shortest"]}
]
}
, {
"id":"S471", 
"host":"http://e212m09.istic.univ-rennes1.fr:1535/",
"services":[
{"name":"algorithm","alternatives":["dijkstra"]}
, {"name":"vehicle","alternatives":["car", "foot"]}
, {"name":"weighting","alternatives":["least_polluted", "fastest", "least_noisy", "shortest", "default", "least_pollen", "most_scenic", "least_congested"]}
]
}
]
}

