{
"id":"C871", 
"services":[
{"name":"algorithm","alternatives":["dijkstra"]}
, {"name":"vehicle","alternatives":["car"]}
, {"name":"weighting","alternatives":["default", "fastest", "least_noisy", "shortest", "least_congested", "least_pollen", "least_polluted"]}
]
,
"platforms":[
{
"id":"S815", 
"host":"http://d028m08.istic.univ-rennes1.fr:1533/",
"services":[
{"name":"algorithm","alternatives":["dijkstra"]}
, {"name":"vehicle","alternatives":["car", "bike"]}
, {"name":"weighting","alternatives":["fastest", "least_congested", "default", "shortest"]}
]
}
, {
"id":"S384", 
"host":"http://e105m10.istic.univ-rennes1.fr:1538/",
"services":[
{"name":"algorithm","alternatives":["dijkstra"]}
, {"name":"vehicle","alternatives":["car"]}
, {"name":"weighting","alternatives":["fastest", "default", "least_congested", "least_noisy", "shortest"]}
]
}
, {
"id":"S564", 
"host":"http://d022m03.istic.univ-rennes1.fr:1533/",
"services":[
{"name":"algorithm","alternatives":["dijkstra"]}
, {"name":"vehicle","alternatives":["car", "foot"]}
, {"name":"weighting","alternatives":["fastest", "default", "most_ozonic", "least_polluted"]}
]
}
, {
"id":"S499", 
"host":"http://d020m02.istic.univ-rennes1.fr:1533/",
"services":[
{"name":"algorithm","alternatives":["dijkstra"]}
, {"name":"vehicle","alternatives":["car", "bike"]}
, {"name":"weighting","alternatives":["fastest", "shortest", "default", "least_polluted", "least_congested", "least_pollen"]}
]
}
, {
"id":"S772", 
"host":"http://d028m01.istic.univ-rennes1.fr:1535/",
"services":[
{"name":"algorithm","alternatives":["dijkstra"]}
, {"name":"vehicle","alternatives":["car", "bike"]}
, {"name":"weighting","alternatives":["least_polluted", "shortest", "fastest", "default", "least_congested", "least_noisy"]}
]
}
, {
"id":"S446", 
"host":"http://e212m06.istic.univ-rennes1.fr:1540/",
"services":[
{"name":"algorithm","alternatives":["dijkstra"]}
, {"name":"vehicle","alternatives":["motorcycle", "car"]}
, {"name":"weighting","alternatives":["default", "fastest", "least_noisy", "least_polluted", "least_congested", "least_pollen"]}
]
}
, {
"id":"S641", 
"host":"http://d024m02.istic.univ-rennes1.fr:1535/",
"services":[
{"name":"algorithm","alternatives":["dijkstra"]}
, {"name":"vehicle","alternatives":["car"]}
, {"name":"weighting","alternatives":["least_noisy", "fastest", "least_pollen", "default", "least_congested", "shortest"]}
]
}
, {
"id":"S43", 
"host":"http://e003m05.istic.univ-rennes1.fr:1533/",
"services":[
{"name":"algorithm","alternatives":["dijkstra"]}
, {"name":"vehicle","alternatives":["car"]}
, {"name":"weighting","alternatives":["fastest", "default", "least_pollen", "least_polluted", "least_congested", "shortest", "least_noisy", "most_ozonic"]}
]
}
]
}

