{
"id":"C106", 
"services":[
{"name":"algorithm","alternatives":["dijkstra"]}
, {"name":"vehicle","alternatives":["car", "motorcycle", "bike", "foot"]}
, {"name":"weighting","alternatives":["fastest"]}
]
,
"platforms":[
{
"id":"S415", 
"host":"http://e212m03.istic.univ-rennes1.fr:1539/",
"services":[
{"name":"algorithm","alternatives":["dijkstra"]}
, {"name":"vehicle","alternatives":["foot", "car", "bike"]}
, {"name":"weighting","alternatives":["default", "least_pollen", "fastest", "least_congested", "least_polluted", "shortest"]}
]
}
, {
"id":"S199", 
"host":"http://e008m01.istic.univ-rennes1.fr:1537/",
"services":[
{"name":"algorithm","alternatives":["dijkstra"]}
, {"name":"vehicle","alternatives":["motorcycle"]}
, {"name":"weighting","alternatives":["least_noisy", "fastest", "shortest", "default", "least_congested"]}
]
}
, {
"id":"S438", 
"host":"http://e212m06.istic.univ-rennes1.fr:1532/",
"services":[
{"name":"algorithm","alternatives":["dijkstra"]}
, {"name":"vehicle","alternatives":["car", "bike", "motorcycle"]}
, {"name":"weighting","alternatives":["fastest", "default", "least_polluted"]}
]
}
, {
"id":"S848", 
"host":"http://d122m02.istic.univ-rennes1.fr:1531/",
"services":[
{"name":"algorithm","alternatives":["dijkstra"]}
, {"name":"vehicle","alternatives":["car", "bike", "motorcycle", "foot"]}
, {"name":"weighting","alternatives":["fastest", "default", "least_noisy", "shortest", "least_congested", "most_ozonic"]}
]
}
]
}

