{
"id":"C379", 
"services":[
{"name":"algorithm","alternatives":["dijkstra"]}
, {"name":"vehicle","alternatives":["car", "motorcycle", "foot"]}
, {"name":"weighting","alternatives":["fastest"]}
]
,
"platforms":[
{
"id":"S471", 
"host":"http://e212m09.istic.univ-rennes1.fr:1535/",
"services":[
{"name":"algorithm","alternatives":["dijkstra"]}
, {"name":"vehicle","alternatives":["car", "foot"]}
, {"name":"weighting","alternatives":["least_polluted", "fastest", "least_noisy", "shortest", "default", "least_pollen", "most_scenic", "least_congested"]}
]
}
, {
"id":"S446", 
"host":"http://e212m06.istic.univ-rennes1.fr:1540/",
"services":[
{"name":"algorithm","alternatives":["dijkstra"]}
, {"name":"vehicle","alternatives":["motorcycle", "car"]}
, {"name":"weighting","alternatives":["default", "fastest", "least_noisy", "least_polluted", "least_congested", "least_pollen"]}
]
}
, {
"id":"S848", 
"host":"http://d122m02.istic.univ-rennes1.fr:1531/",
"services":[
{"name":"algorithm","alternatives":["dijkstra"]}
, {"name":"vehicle","alternatives":["car", "bike", "motorcycle", "foot"]}
, {"name":"weighting","alternatives":["fastest", "default", "least_noisy", "shortest", "least_congested", "most_ozonic"]}
]
}
]
}

