{
"id":"C1370", 
"services":[
{"name":"algorithm","alternatives":["dijkstra"]}
, {"name":"vehicle","alternatives":["car", "bike", "foot"]}
, {"name":"weighting","alternatives":["least_congested"]}
]
,
"platforms":[
{
"id":"S506", 
"host":"http://d020m02.istic.univ-rennes1.fr:1540/",
"services":[
{"name":"algorithm","alternatives":["dijkstra"]}
, {"name":"vehicle","alternatives":["car", "bike"]}
, {"name":"weighting","alternatives":["fastest", "least_polluted", "default", "shortest", "least_congested", "least_noisy", "most_scenic"]}
]
}
, {
"id":"S423", 
"host":"http://e212m04.istic.univ-rennes1.fr:1537/",
"services":[
{"name":"algorithm","alternatives":["dijkstra"]}
, {"name":"vehicle","alternatives":["foot"]}
, {"name":"weighting","alternatives":["least_congested", "fastest"]}
]
}
, {
"id":"S541", 
"host":"http://d020m07.istic.univ-rennes1.fr:1535/",
"services":[
{"name":"algorithm","alternatives":["dijkstra"]}
, {"name":"vehicle","alternatives":["car", "foot"]}
, {"name":"weighting","alternatives":["least_congested", "fastest", "least_polluted"]}
]
}
, {
"id":"S542", 
"host":"http://d020m09.istic.univ-rennes1.fr:1531/",
"services":[
{"name":"algorithm","alternatives":["dijkstra"]}
, {"name":"vehicle","alternatives":["foot", "car", "bike"]}
, {"name":"weighting","alternatives":["fastest", "shortest", "least_congested"]}
]
}
]
}

