{
"id":"C959", 
"services":[
{"name":"algorithm","alternatives":["dijkstra"]}
, {"name":"vehicle","alternatives":["car"]}
, {"name":"weighting","alternatives":["default", "fastest", "least_congested"]}
]
,
"platforms":[
{
"id":"S850", 
"host":"http://d122m02.istic.univ-rennes1.fr:1533/",
"services":[
{"name":"algorithm","alternatives":["dijkstra"]}
, {"name":"vehicle","alternatives":["car"]}
, {"name":"weighting","alternatives":["least_congested"]}
]
}
, {
"id":"S788", 
"host":"http://d028m04.istic.univ-rennes1.fr:1536/",
"services":[
{"name":"algorithm","alternatives":["dijkstra"]}
, {"name":"vehicle","alternatives":["car"]}
, {"name":"weighting","alternatives":["fastest", "default", "least_polluted", "least_congested"]}
]
}
]
}

