{
"id":"C186", 
"services":[
{"name":"algorithm","alternatives":["dijkstra"]}
, {"name":"vehicle","alternatives":["bike", "car", "motorcycle"]}
, {"name":"weighting","alternatives":["fastest", "least_congested", "default"]}
]
,
"platforms":[
{
"id":"S62", 
"host":"http://e003m07.istic.univ-rennes1.fr:1532/",
"services":[
{"name":"algorithm","alternatives":["dijkstra"]}
, {"name":"vehicle","alternatives":["car"]}
, {"name":"weighting","alternatives":["default", "fastest", "least_noisy", "least_congested"]}
]
}
, {
"id":"S319", 
"host":"http://e105m03.istic.univ-rennes1.fr:1535/",
"services":[
{"name":"algorithm","alternatives":["dijkstra"]}
, {"name":"vehicle","alternatives":["car", "bike"]}
, {"name":"weighting","alternatives":["least_congested", "fastest", "default", "shortest", "least_polluted", "most_ozonic"]}
]
}
, {
"id":"S599", 
"host":"http://d022m07.istic.univ-rennes1.fr:1538/",
"services":[
{"name":"algorithm","alternatives":["dijkstra"]}
, {"name":"vehicle","alternatives":["foot", "car", "bike", "motorcycle"]}
, {"name":"weighting","alternatives":["fastest", "shortest", "least_pollen"]}
]
}
, {
"id":"S465", 
"host":"http://e212m08.istic.univ-rennes1.fr:1539/",
"services":[
{"name":"algorithm","alternatives":["dijkstra"]}
, {"name":"vehicle","alternatives":["motorcycle", "car"]}
, {"name":"weighting","alternatives":["least_noisy", "fastest", "default", "least_congested", "most_scenic"]}
]
}
, {
"id":"S271", 
"host":"http://e008m08.istic.univ-rennes1.fr:1537/",
"services":[
{"name":"algorithm","alternatives":["dijkstra"]}
, {"name":"vehicle","alternatives":["car", "bike", "motorcycle", "foot"]}
, {"name":"weighting","alternatives":["default", "fastest"]}
]
}
, {
"id":"S674", 
"host":"http://d024m09.istic.univ-rennes1.fr:1532/",
"services":[
{"name":"algorithm","alternatives":["dijkstra"]}
, {"name":"vehicle","alternatives":["car", "bike", "motorcycle", "foot"]}
, {"name":"weighting","alternatives":["fastest", "least_congested", "least_pollen", "default", "shortest", "most_ozonic", "least_polluted"]}
]
}
]
}

