{
"id":"C1033", 
"services":[
{"name":"algorithm","alternatives":["dijkstra"]}
, {"name":"vehicle","alternatives":["car", "bike"]}
, {"name":"weighting","alternatives":["least_noisy", "least_congested"]}
]
,
"platforms":[
{
"id":"S733", 
"host":"http://d026m06.istic.univ-rennes1.fr:1531/",
"services":[
{"name":"algorithm","alternatives":["dijkstra"]}
, {"name":"vehicle","alternatives":["car"]}
, {"name":"weighting","alternatives":["fastest", "default", "least_congested", "least_noisy", "shortest"]}
]
}
, {
"id":"S132", 
"host":"http://e103m04.istic.univ-rennes1.fr:1532/",
"services":[
{"name":"algorithm","alternatives":["dijkstra"]}
, {"name":"vehicle","alternatives":["car", "bike"]}
, {"name":"weighting","alternatives":["least_congested", "default", "fastest", "least_polluted"]}
]
}
, {
"id":"S548", 
"host":"http://d020m10.istic.univ-rennes1.fr:1532/",
"services":[
{"name":"algorithm","alternatives":["dijkstra"]}
, {"name":"vehicle","alternatives":["car", "bike"]}
, {"name":"weighting","alternatives":["default", "fastest", "least_congested", "shortest", "least_polluted", "least_noisy", "most_ozonic"]}
]
}
]
}

