{
"id":"C1376", 
"services":[
{"name":"algorithm","alternatives":["dijkstra"]}
, {"name":"vehicle","alternatives":["foot", "car"]}
, {"name":"weighting","alternatives":["least_congested", "least_polluted", "most_scenic", "fastest"]}
]
,
"platforms":[
{
"id":"S288", 
"host":"http://e008m10.istic.univ-rennes1.fr:1534/",
"services":[
{"name":"algorithm","alternatives":["dijkstra"]}
, {"name":"vehicle","alternatives":["foot"]}
, {"name":"weighting","alternatives":["default", "fastest", "least_congested"]}
]
}
, {
"id":"S508", 
"host":"http://d020m03.istic.univ-rennes1.fr:1532/",
"services":[
{"name":"algorithm","alternatives":["dijkstra"]}
, {"name":"vehicle","alternatives":["car"]}
, {"name":"weighting","alternatives":["fastest", "shortest", "least_congested", "default", "least_noisy", "most_ozonic", "least_polluted", "most_scenic"]}
]
}
, {
"id":"S88", 
"host":"http://e003m09.istic.univ-rennes1.fr:1538/",
"services":[
{"name":"algorithm","alternatives":["dijkstra"]}
, {"name":"vehicle","alternatives":["car", "foot"]}
, {"name":"weighting","alternatives":["least_polluted", "shortest", "fastest"]}
]
}
, {
"id":"S471", 
"host":"http://e212m09.istic.univ-rennes1.fr:1535/",
"services":[
{"name":"algorithm","alternatives":["dijkstra"]}
, {"name":"vehicle","alternatives":["car", "foot"]}
, {"name":"weighting","alternatives":["least_polluted", "fastest", "least_noisy", "shortest", "default", "least_pollen", "most_scenic", "least_congested"]}
]
}
]
}

