{
"id":"C1160", 
"services":[
{"name":"vehicle","alternatives":["foot", "car", "bike"]}
, {"name":"weighting","alternatives":["fastest", "default"]}
, {"name":"algorithm","alternatives":["dijkstra"]}
]
,
"platforms":[
{
"id":"S297", 
"host":"http://e105m05.istic.univ-rennes1.fr:1535/",
"services":[
{"name":"vehicle","alternatives":["bike", "car", "foot"]}
, {"name":"weighting","alternatives":["default"]}
, {"name":"algorithm","alternatives":["dijkstra"]}
]
}
, {
"id":"S599", 
"host":"http://d024m10.istic.univ-rennes1.fr:1539/",
"services":[
{"name":"vehicle","alternatives":["car", "bike"]}
, {"name":"weighting","alternatives":["fastest", "default", "shortest"]}
, {"name":"algorithm","alternatives":["dijkstra"]}
]
}
, {
"id":"S701", 
"host":"http://d028m08.istic.univ-rennes1.fr:1531/",
"services":[
{"name":"vehicle","alternatives":["car", "bike", "foot"]}
, {"name":"weighting","alternatives":["fastest", "least_congested"]}
, {"name":"algorithm","alternatives":["dijkstra"]}
]
}
, {
"id":"S366", 
"host":"http://e212m02.istic.univ-rennes1.fr:1532/",
"services":[
{"name":"vehicle","alternatives":["bike", "car", "foot"]}
, {"name":"weighting","alternatives":["shortest", "default", "fastest", "least_congested"]}
, {"name":"algorithm","alternatives":["dijkstra"]}
]
}
]
}

