{
"id":"C996", 
"services":[
{"name":"vehicle","alternatives":["car"]}
, {"name":"weighting","alternatives":["fastest", "default", "least_congested", "most_ozonic"]}
, {"name":"algorithm","alternatives":["astar"]}
]
,
"platforms":[
{
"id":"S586", 
"host":"http://d024m09.istic.univ-rennes1.fr:1531/",
"services":[
{"name":"vehicle","alternatives":["car"]}
, {"name":"weighting","alternatives":["default", "fastest", "shortest", "least_noisy", "most_scenic"]}
, {"name":"algorithm","alternatives":["astar"]}
]
}
, {
"id":"S578", 
"host":"http://d024m06.istic.univ-rennes1.fr:1533/",
"services":[
{"name":"vehicle","alternatives":["car"]}
, {"name":"weighting","alternatives":["shortest", "default", "fastest", "least_congested"]}
, {"name":"algorithm","alternatives":["astar"]}
]
}
, {
"id":"S423", 
"host":"http://e212m08.istic.univ-rennes1.fr:1539/",
"services":[
{"name":"vehicle","alternatives":["car"]}
, {"name":"weighting","alternatives":["default", "fastest", "shortest", "least_congested", "least_noisy", "most_ozonic"]}
, {"name":"algorithm","alternatives":["astar"]}
]
}
]
}

