{
"id":"C818", 
"services":[
{"name":"vehicle","alternatives":["car", "bike", "motorcycle", "scooter", "foot"]}
, {"name":"weighting","alternatives":["fastest"]}
, {"name":"algorithm","alternatives":["dijkstra"]}
]
,
"platforms":[
{
"id":"S88", 
"host":"http://e003m10.istic.univ-rennes1.fr:1536/",
"services":[
{"name":"vehicle","alternatives":["car"]}
, {"name":"weighting","alternatives":["least_noisy", "fastest", "default"]}
, {"name":"algorithm","alternatives":["dijkstra"]}
]
}
, {
"id":"S562", 
"host":"http://d024m03.istic.univ-rennes1.fr:1532/",
"services":[
{"name":"vehicle","alternatives":["bike"]}
, {"name":"weighting","alternatives":["default", "least_noisy", "fastest", "shortest"]}
, {"name":"algorithm","alternatives":["dijkstra"]}
]
}
, {
"id":"S452", 
"host":"http://d020m02.istic.univ-rennes1.fr:1537/",
"services":[
{"name":"vehicle","alternatives":["car", "foot", "bike"]}
, {"name":"weighting","alternatives":["fastest", "least_noisy"]}
, {"name":"algorithm","alternatives":["dijkstra"]}
]
}
, {
"id":"S75", 
"host":"http://e003m09.istic.univ-rennes1.fr:1533/",
"services":[
{"name":"vehicle","alternatives":["car", "bike", "motorcycle"]}
, {"name":"weighting","alternatives":["shortest", "fastest", "least_congested", "default", "least_polluted"]}
, {"name":"algorithm","alternatives":["dijkstra"]}
]
}
, {
"id":"S516", 
"host":"http://d022m06.istic.univ-rennes1.fr:1536/",
"services":[
{"name":"vehicle","alternatives":["scooter"]}
, {"name":"weighting","alternatives":["default", "shortest", "least_noisy", "least_polluted", "fastest"]}
, {"name":"algorithm","alternatives":["dijkstra"]}
]
}
, {
"id":"S224", 
"host":"http://e008m08.istic.univ-rennes1.fr:1532/",
"services":[
{"name":"vehicle","alternatives":["car", "scooter"]}
, {"name":"weighting","alternatives":["fastest"]}
, {"name":"algorithm","alternatives":["dijkstra"]}
]
}
, {
"id":"S781", 
"host":"http://d122m09.istic.univ-rennes1.fr:1531/",
"services":[
{"name":"vehicle","alternatives":["car", "foot", "bike", "motorcycle"]}
, {"name":"weighting","alternatives":["fastest", "least_congested", "least_polluted"]}
, {"name":"algorithm","alternatives":["dijkstra"]}
]
}
, {
"id":"S643", 
"host":"http://d026m05.istic.univ-rennes1.fr:1538/",
"services":[
{"name":"vehicle","alternatives":["car", "scooter", "foot"]}
, {"name":"weighting","alternatives":["fastest", "default", "shortest"]}
, {"name":"algorithm","alternatives":["dijkstra"]}
]
}
, {
"id":"S184", 
"host":"http://e008m03.istic.univ-rennes1.fr:1532/",
"services":[
{"name":"vehicle","alternatives":["bike", "car", "motorcycle", "scooter", "foot"]}
, {"name":"weighting","alternatives":["fastest"]}
, {"name":"algorithm","alternatives":["dijkstra"]}
]
}
]
}

