{
"id":"C1209", 
"services":[
{"name":"vehicle","alternatives":["motorcycle", "foot"]}
, {"name":"weighting","alternatives":["least_congested", "default"]}
, {"name":"algorithm","alternatives":["dijkstra"]}
]
,
"platforms":[
{
"id":"S289", 
"host":"http://e105m04.istic.univ-rennes1.fr:1537/",
"services":[
{"name":"vehicle","alternatives":["car", "foot", "bike"]}
, {"name":"weighting","alternatives":["default", "least_polluted", "fastest", "shortest", "most_scenic", "least_congested", "least_noisy"]}
, {"name":"algorithm","alternatives":["dijkstra"]}
]
}
, {
"id":"S462", 
"host":"http://d020m04.istic.univ-rennes1.fr:1537/",
"services":[
{"name":"vehicle","alternatives":["bike", "motorcycle", "car"]}
, {"name":"weighting","alternatives":["least_congested"]}
, {"name":"algorithm","alternatives":["dijkstra"]}
]
}
, {
"id":"S273", 
"host":"http://e105m03.istic.univ-rennes1.fr:1531/",
"services":[
{"name":"vehicle","alternatives":["car", "motorcycle", "bike"]}
, {"name":"weighting","alternatives":["fastest", "default", "shortest", "least_congested"]}
, {"name":"algorithm","alternatives":["dijkstra"]}
]
}
, {
"id":"S410", 
"host":"http://e212m07.istic.univ-rennes1.fr:1536/",
"services":[
{"name":"vehicle","alternatives":["car", "motorcycle", "foot"]}
, {"name":"weighting","alternatives":["default", "fastest", "least_congested", "most_ozonic"]}
, {"name":"algorithm","alternatives":["dijkstra"]}
]
}
]
}

