{
"id":"C887", 
"services":[
{"name":"vehicle","alternatives":["car", "bike", "foot"]}
, {"name":"weighting","alternatives":["least_polluted"]}
, {"name":"algorithm","alternatives":["dijkstra"]}
]
,
"platforms":[
{
"id":"S744", 
"host":"http://d122m03.istic.univ-rennes1.fr:1532/",
"services":[
{"name":"vehicle","alternatives":["car", "scooter"]}
, {"name":"weighting","alternatives":["default", "fastest", "least_congested", "least_polluted", "shortest"]}
, {"name":"algorithm","alternatives":["dijkstra"]}
]
}
, {
"id":"S3", 
"host":"http://e003m01.istic.univ-rennes1.fr:1533/",
"services":[
{"name":"vehicle","alternatives":["bike", "car", "motorcycle"]}
, {"name":"weighting","alternatives":["fastest", "least_noisy", "shortest", "least_congested", "least_polluted"]}
, {"name":"algorithm","alternatives":["dijkstra"]}
]
}
, {
"id":"S430", 
"host":"http://e212m09.istic.univ-rennes1.fr:1536/",
"services":[
{"name":"vehicle","alternatives":["car", "bike", "foot"]}
, {"name":"weighting","alternatives":["least_congested", "fastest", "default", "most_ozonic", "shortest", "least_polluted"]}
, {"name":"algorithm","alternatives":["dijkstra"]}
]
}
]
}

