{
"id":"C154", 
"services":[
{"name":"vehicle","alternatives":["car"]}
, {"name":"weighting","alternatives":["default", "fastest", "least_polluted"]}
, {"name":"algorithm","alternatives":["astar"]}
]
,
"platforms":[
{
"id":"S544", 
"host":"http://d022m10.istic.univ-rennes1.fr:1534/",
"services":[
{"name":"vehicle","alternatives":["car"]}
, {"name":"weighting","alternatives":["least_congested", "default", "fastest", "shortest"]}
, {"name":"algorithm","alternatives":["astar"]}
]
}
, {
"id":"S95", 
"host":"http://e103m01.istic.univ-rennes1.fr:1533/",
"services":[
{"name":"vehicle","alternatives":["car", "bike"]}
, {"name":"weighting","alternatives":["shortest", "fastest", "least_polluted", "default", "least_noisy", "least_congested"]}
, {"name":"algorithm","alternatives":["astar"]}
]
}
]
}

