{
"id":"C303", 
"services":[
{"name":"vehicle","alternatives":["car"]}
, {"name":"weighting","alternatives":["default", "least_noisy", "fastest"]}
, {"name":"algorithm","alternatives":["dijkstra"]}
]
,
"platforms":[
{
"id":"S795", 
"host":"http://d122m10.istic.univ-rennes1.fr:1539/",
"services":[
{"name":"vehicle","alternatives":["car"]}
, {"name":"weighting","alternatives":["least_congested", "fastest", "least_pollen", "default"]}
, {"name":"algorithm","alternatives":["dijkstra"]}
]
}
, {
"id":"S113", 
"host":"http://e103m04.istic.univ-rennes1.fr:1531/",
"services":[
{"name":"vehicle","alternatives":["car", "bike"]}
, {"name":"weighting","alternatives":["fastest", "least_noisy", "default", "least_polluted", "shortest", "most_scenic", "least_congested"]}
, {"name":"algorithm","alternatives":["dijkstra"]}
]
}
]
}

