{
"id":"C1375", 
"services":[
{"name":"vehicle","alternatives":["car", "scooter"]}
, {"name":"weighting","alternatives":["default", "least_noisy", "fastest"]}
, {"name":"algorithm","alternatives":["dijkstra"]}
]
,
"platforms":[
{
"id":"S281", 
"host":"http://e105m03.istic.univ-rennes1.fr:1539/",
"services":[
{"name":"vehicle","alternatives":["motorcycle", "car"]}
, {"name":"weighting","alternatives":["default", "shortest", "fastest", "least_noisy", "least_congested", "least_polluted", "least_pollen", "most_ozonic"]}
, {"name":"algorithm","alternatives":["dijkstra"]}
]
}
, {
"id":"S224", 
"host":"http://e008m08.istic.univ-rennes1.fr:1532/",
"services":[
{"name":"vehicle","alternatives":["car", "scooter"]}
, {"name":"weighting","alternatives":["fastest"]}
, {"name":"algorithm","alternatives":["dijkstra"]}
]
}
, {
"id":"S507", 
"host":"http://d022m04.istic.univ-rennes1.fr:1532/",
"services":[
{"name":"vehicle","alternatives":["car", "bike", "scooter"]}
, {"name":"weighting","alternatives":["default", "fastest", "shortest"]}
, {"name":"algorithm","alternatives":["dijkstra"]}
]
}
, {
"id":"S504", 
"host":"http://d022m03.istic.univ-rennes1.fr:1534/",
"services":[
{"name":"vehicle","alternatives":["car", "scooter"]}
, {"name":"weighting","alternatives":["fastest", "default", "least_congested", "shortest", "least_noisy", "least_polluted", "least_pollen"]}
, {"name":"algorithm","alternatives":["dijkstra"]}
]
}
]
}

