{
"id":"C784", 
"services":[
{"name":"vehicle","alternatives":["car", "bike"]}
, {"name":"weighting","alternatives":["least_polluted", "default", "fastest", "most_scenic"]}
, {"name":"algorithm","alternatives":["dijkstra"]}
]
,
"platforms":[
{
"id":"S463", 
"host":"http://d020m04.istic.univ-rennes1.fr:1538/",
"services":[
{"name":"vehicle","alternatives":["car"]}
, {"name":"weighting","alternatives":["fastest", "least_congested", "shortest", "least_noisy", "default", "most_ozonic"]}
, {"name":"algorithm","alternatives":["dijkstra"]}
]
}
, {
"id":"S681", 
"host":"http://d028m04.istic.univ-rennes1.fr:1536/",
"services":[
{"name":"vehicle","alternatives":["bike", "car"]}
, {"name":"weighting","alternatives":["least_congested", "default", "fastest", "least_noisy", "shortest"]}
, {"name":"algorithm","alternatives":["dijkstra"]}
]
}
, {
"id":"S814", 
"host":"http://null/",
"services":[
{"name":"vehicle","alternatives":["bike"]}
, {"name":"weighting","alternatives":["least_noisy", "fastest", "default", "least_polluted", "most_ozonic"]}
, {"name":"algorithm","alternatives":["dijkstra"]}
]
}
, {
"id":"S123", 
"host":"http://e103m05.istic.univ-rennes1.fr:1531/",
"services":[
{"name":"vehicle","alternatives":["car", "bike"]}
, {"name":"weighting","alternatives":["least_polluted", "least_congested"]}
, {"name":"algorithm","alternatives":["dijkstra"]}
]
}
, {
"id":"S535", 
"host":"http://d022m08.istic.univ-rennes1.fr:1535/",
"services":[
{"name":"vehicle","alternatives":["motorcycle", "car"]}
, {"name":"weighting","alternatives":["shortest", "fastest", "least_polluted", "default", "least_pollen", "least_noisy", "least_congested", "most_scenic"]}
, {"name":"algorithm","alternatives":["dijkstra"]}
]
}
, {
"id":"S345", 
"host":"http://e105m10.istic.univ-rennes1.fr:1531/",
"services":[
{"name":"vehicle","alternatives":["bike", "car", "foot"]}
, {"name":"weighting","alternatives":["least_polluted", "most_ozonic", "least_noisy", "fastest"]}
, {"name":"algorithm","alternatives":["dijkstra"]}
]
}
, {
"id":"S487", 
"host":"http://d020m10.istic.univ-rennes1.fr:1532/",
"services":[
{"name":"vehicle","alternatives":["foot", "car", "bike"]}
, {"name":"weighting","alternatives":["default", "fastest", "least_congested", "most_ozonic", "least_polluted"]}
, {"name":"algorithm","alternatives":["dijkstra"]}
]
}
, {
"id":"S344", 
"host":"http://e105m09.istic.univ-rennes1.fr:15310/",
"services":[
{"name":"vehicle","alternatives":["bike"]}
, {"name":"weighting","alternatives":["fastest", "default", "least_noisy", "least_congested", "shortest", "least_polluted", "least_pollen", "most_scenic", "most_ozonic"]}
, {"name":"algorithm","alternatives":["dijkstra"]}
]
}
, {
"id":"S518", 
"host":"http://d022m06.istic.univ-rennes1.fr:1538/",
"services":[
{"name":"vehicle","alternatives":["car", "bike"]}
, {"name":"weighting","alternatives":["fastest", "shortest", "most_scenic", "least_congested", "most_ozonic", "default", "least_polluted"]}
, {"name":"algorithm","alternatives":["dijkstra"]}
]
}
]
}

