{
"id":"C821", 
"services":[
{"name":"vehicle","alternatives":["bike", "car", "foot"]}
, {"name":"weighting","alternatives":["fastest"]}
, {"name":"algorithm","alternatives":["dijkstra"]}
]
,
"platforms":[
{
"id":"S443", 
"host":"http://d020m01.istic.univ-rennes1.fr:1538/",
"services":[
{"name":"vehicle","alternatives":["car", "foot"]}
, {"name":"weighting","alternatives":["fastest", "default", "shortest", "most_scenic"]}
, {"name":"algorithm","alternatives":["dijkstra"]}
]
}
, {
"id":"S397", 
"host":"http://e212m06.istic.univ-rennes1.fr:1533/",
"services":[
{"name":"vehicle","alternatives":["car", "bike"]}
, {"name":"weighting","alternatives":["fastest", "default", "most_ozonic"]}
, {"name":"algorithm","alternatives":["dijkstra"]}
]
}
, {
"id":"S38", 
"host":"http://e003m05.istic.univ-rennes1.fr:1536/",
"services":[
{"name":"vehicle","alternatives":["foot", "bike"]}
, {"name":"weighting","alternatives":["fastest", "least_noisy", "shortest", "default", "most_scenic"]}
, {"name":"algorithm","alternatives":["dijkstra"]}
]
}
, {
"id":"S187", 
"host":"http://e008m03.istic.univ-rennes1.fr:1535/",
"services":[
{"name":"vehicle","alternatives":["car", "foot", "bike"]}
, {"name":"weighting","alternatives":["fastest", "least_polluted", "shortest", "most_scenic", "default", "least_congested"]}
, {"name":"algorithm","alternatives":["dijkstra"]}
]
}
]
}

