{
"id":"C875", 
"services":[
{"name":"vehicle","alternatives":["car"]}
, {"name":"weighting","alternatives":["default", "fastest"]}
, {"name":"algorithm","alternatives":["dijkstra"]}
]
,
"platforms":[
{
"id":"S467", 
"host":"http://d020m05.istic.univ-rennes1.fr:1532/",
"services":[
{"name":"vehicle","alternatives":["car", "foot"]}
, {"name":"weighting","alternatives":["fastest", "least_congested", "least_polluted"]}
, {"name":"algorithm","alternatives":["dijkstra"]}
]
}
, {
"id":"S83", 
"host":"http://e003m10.istic.univ-rennes1.fr:1531/",
"services":[
{"name":"vehicle","alternatives":["car", "motorcycle"]}
, {"name":"weighting","alternatives":["fastest", "default", "least_polluted", "least_congested", "shortest", "least_noisy"]}
, {"name":"algorithm","alternatives":["dijkstra"]}
]
}
]
}

