{
"id":"C263", 
"services":[
{"name":"vehicle","alternatives":["car", "foot"]}
, {"name":"weighting","alternatives":["least_congested"]}
, {"name":"algorithm","alternatives":["astar"]}
]
,
"platforms":[
{
"id":"S750", 
"host":"http://d122m03.istic.univ-rennes1.fr:1537/",
"services":[
{"name":"vehicle","alternatives":["car", "bike"]}
, {"name":"weighting","alternatives":["fastest", "default", "shortest", "least_congested", "most_ozonic", "least_noisy", "least_polluted"]}
, {"name":"algorithm","alternatives":["astar"]}
]
}
, {
"id":"S325", 
"host":"http://e105m08.istic.univ-rennes1.fr:1532/",
"services":[
{"name":"vehicle","alternatives":["foot"]}
, {"name":"weighting","alternatives":["shortest", "fastest", "default", "least_polluted", "least_congested", "least_noisy", "most_ozonic"]}
, {"name":"algorithm","alternatives":["astar"]}
]
}
, {
"id":"S587", 
"host":"http://d024m09.istic.univ-rennes1.fr:1532/",
"services":[
{"name":"vehicle","alternatives":["scooter", "car", "foot"]}
, {"name":"weighting","alternatives":["fastest", "default", "least_congested"]}
, {"name":"algorithm","alternatives":["astar"]}
]
}
]
}

