{
"id":"C1412", 
"services":[
{"name":"vehicle","alternatives":["car", "bike"]}
, {"name":"weighting","alternatives":["shortest"]}
, {"name":"algorithm","alternatives":["dijkstra"]}
]
,
"platforms":[
{
"id":"S28", 
"host":"http://e003m04.istic.univ-rennes1.fr:1536/",
"services":[
{"name":"vehicle","alternatives":["car"]}
, {"name":"weighting","alternatives":["fastest", "shortest", "default", "least_noisy"]}
, {"name":"algorithm","alternatives":["dijkstra"]}
]
}
, {
"id":"S507", 
"host":"http://d022m04.istic.univ-rennes1.fr:1532/",
"services":[
{"name":"vehicle","alternatives":["car", "bike", "scooter"]}
, {"name":"weighting","alternatives":["default", "fastest", "shortest"]}
, {"name":"algorithm","alternatives":["dijkstra"]}
]
}
]
}

