{
"id":"C1376", 
"services":[
{"name":"vehicle","alternatives":["car", "foot"]}
, {"name":"weighting","alternatives":["default"]}
, {"name":"algorithm","alternatives":["dijkstra"]}
]
,
"platforms":[
{
"id":"S340", 
"host":"http://e105m09.istic.univ-rennes1.fr:1536/",
"services":[
{"name":"vehicle","alternatives":["car"]}
, {"name":"weighting","alternatives":["fastest", "least_noisy", "default", "most_ozonic"]}
, {"name":"algorithm","alternatives":["dijkstra"]}
]
}
, {
"id":"S7", 
"host":"http://e003m01.istic.univ-rennes1.fr:1537/",
"services":[
{"name":"vehicle","alternatives":["foot"]}
, {"name":"weighting","alternatives":["least_congested", "fastest", "default", "shortest", "least_polluted"]}
, {"name":"algorithm","alternatives":["dijkstra"]}
]
}
, {
"id":"S422", 
"host":"http://e212m08.istic.univ-rennes1.fr:1538/",
"services":[
{"name":"vehicle","alternatives":["car", "foot"]}
, {"name":"weighting","alternatives":["least_congested", "default", "least_noisy", "fastest", "most_scenic"]}
, {"name":"algorithm","alternatives":["dijkstra"]}
]
}
]
}

