{
"id":"C699", 
"services":[
{"name":"vehicle","alternatives":["car", "foot", "bike"]}
, {"name":"weighting","alternatives":["fastest"]}
, {"name":"algorithm","alternatives":["dijkstra"]}
]
,
"platforms":[
{
"id":"S718", 
"host":"http://d028m09.istic.univ-rennes1.fr:1538/",
"services":[
{"name":"vehicle","alternatives":["car"]}
, {"name":"weighting","alternatives":["fastest", "shortest", "least_polluted"]}
, {"name":"algorithm","alternatives":["dijkstra"]}
]
}
, {
"id":"S251", 
"host":"http://e008m10.istic.univ-rennes1.fr:1539/",
"services":[
{"name":"vehicle","alternatives":["bike", "car"]}
, {"name":"weighting","alternatives":["fastest", "least_congested", "default", "most_ozonic", "least_noisy", "shortest", "least_polluted", "least_pollen", "most_scenic"]}
, {"name":"algorithm","alternatives":["dijkstra"]}
]
}
, {
"id":"S303", 
"host":"http://e105m06.istic.univ-rennes1.fr:1531/",
"services":[
{"name":"vehicle","alternatives":["foot", "car"]}
, {"name":"weighting","alternatives":["fastest", "shortest", "default", "most_ozonic", "least_congested"]}
, {"name":"algorithm","alternatives":["dijkstra"]}
]
}
, {
"id":"S38", 
"host":"http://e003m05.istic.univ-rennes1.fr:1536/",
"services":[
{"name":"vehicle","alternatives":["foot", "bike"]}
, {"name":"weighting","alternatives":["fastest", "least_noisy", "shortest", "default", "most_scenic"]}
, {"name":"algorithm","alternatives":["dijkstra"]}
]
}
, {
"id":"S509", 
"host":"http://d022m04.istic.univ-rennes1.fr:1534/",
"services":[
{"name":"vehicle","alternatives":["car", "bike", "foot", "scooter"]}
, {"name":"weighting","alternatives":["fastest", "shortest"]}
, {"name":"algorithm","alternatives":["dijkstra"]}
]
}
]
}

