{
"id":"C463", 
"services":[
{"name":"vehicle","alternatives":["car", "motorcycle", "bike"]}
, {"name":"weighting","alternatives":["least_congested", "fastest", "default", "least_polluted"]}
, {"name":"algorithm","alternatives":["dijkstra"]}
]
,
"platforms":[
{
"id":"S701", 
"host":"http://d028m08.istic.univ-rennes1.fr:1531/",
"services":[
{"name":"vehicle","alternatives":["car", "bike", "foot"]}
, {"name":"weighting","alternatives":["fastest", "least_congested"]}
, {"name":"algorithm","alternatives":["dijkstra"]}
]
}
, {
"id":"S462", 
"host":"http://d020m04.istic.univ-rennes1.fr:1537/",
"services":[
{"name":"vehicle","alternatives":["bike", "motorcycle", "car"]}
, {"name":"weighting","alternatives":["least_congested"]}
, {"name":"algorithm","alternatives":["dijkstra"]}
]
}
, {
"id":"S609", 
"host":"http://d026m02.istic.univ-rennes1.fr:1534/",
"services":[
{"name":"vehicle","alternatives":["bike"]}
, {"name":"weighting","alternatives":["fastest", "default", "shortest"]}
, {"name":"algorithm","alternatives":["dijkstra"]}
]
}
, {
"id":"S842", 
"host":"http://null/",
"services":[
{"name":"vehicle","alternatives":["car", "foot"]}
, {"name":"weighting","alternatives":["default", "fastest", "least_polluted", "least_noisy", "shortest"]}
, {"name":"algorithm","alternatives":["dijkstra"]}
]
}
, {
"id":"S87", 
"host":"http://e003m10.istic.univ-rennes1.fr:1535/",
"services":[
{"name":"vehicle","alternatives":["car"]}
, {"name":"weighting","alternatives":["least_congested", "fastest", "default", "least_noisy", "most_ozonic", "least_polluted", "shortest", "least_pollen", "most_scenic"]}
, {"name":"algorithm","alternatives":["dijkstra"]}
]
}
, {
"id":"S534", 
"host":"http://d022m08.istic.univ-rennes1.fr:1534/",
"services":[
{"name":"vehicle","alternatives":["bike"]}
, {"name":"weighting","alternatives":["default", "least_pollen", "shortest", "least_congested", "fastest", "least_polluted", "least_noisy"]}
, {"name":"algorithm","alternatives":["dijkstra"]}
]
}
, {
"id":"S704", 
"host":"http://d028m08.istic.univ-rennes1.fr:1534/",
"services":[
{"name":"vehicle","alternatives":["motorcycle", "car"]}
, {"name":"weighting","alternatives":["fastest"]}
, {"name":"algorithm","alternatives":["dijkstra"]}
]
}
, {
"id":"S677", 
"host":"http://d028m04.istic.univ-rennes1.fr:1532/",
"services":[
{"name":"vehicle","alternatives":["motorcycle", "car"]}
, {"name":"weighting","alternatives":["fastest", "default", "shortest", "least_congested"]}
, {"name":"algorithm","alternatives":["dijkstra"]}
]
}
, {
"id":"S205", 
"host":"http://e008m06.istic.univ-rennes1.fr:1533/",
"services":[
{"name":"vehicle","alternatives":["bike", "car"]}
, {"name":"weighting","alternatives":["fastest", "default", "least_congested", "least_polluted", "shortest", "least_noisy"]}
, {"name":"algorithm","alternatives":["dijkstra"]}
]
}
, {
"id":"S519", 
"host":"http://d022m06.istic.univ-rennes1.fr:1539/",
"services":[
{"name":"vehicle","alternatives":["car", "bike", "foot", "motorcycle"]}
, {"name":"weighting","alternatives":["fastest", "default", "most_ozonic", "shortest"]}
, {"name":"algorithm","alternatives":["dijkstra"]}
]
}
, {
"id":"S273", 
"host":"http://e105m03.istic.univ-rennes1.fr:1531/",
"services":[
{"name":"vehicle","alternatives":["car", "motorcycle", "bike"]}
, {"name":"weighting","alternatives":["fastest", "default", "shortest", "least_congested"]}
, {"name":"algorithm","alternatives":["dijkstra"]}
]
}
, {
"id":"S361", 
"host":"http://e212m01.istic.univ-rennes1.fr:1537/",
"services":[
{"name":"vehicle","alternatives":["bike", "motorcycle", "car"]}
, {"name":"weighting","alternatives":["shortest", "least_pollen", "least_polluted", "least_congested", "fastest"]}
, {"name":"algorithm","alternatives":["dijkstra"]}
]
}
, {
"id":"S140", 
"host":"http://e103m06.istic.univ-rennes1.fr:1538/",
"services":[
{"name":"vehicle","alternatives":["motorcycle"]}
, {"name":"weighting","alternatives":["fastest", "least_polluted", "default"]}
, {"name":"algorithm","alternatives":["dijkstra"]}
]
}
, {
"id":"S816", 
"host":"http://null/",
"services":[
{"name":"vehicle","alternatives":["car", "bike", "foot", "motorcycle"]}
, {"name":"weighting","alternatives":["fastest", "least_congested", "shortest", "default", "least_polluted"]}
, {"name":"algorithm","alternatives":["dijkstra"]}
]
}
]
}

