{
"id":"C806", 
"services":[
{"name":"vehicle","alternatives":["bike", "car", "foot"]}
, {"name":"weighting","alternatives":["fastest", "default", "least_polluted"]}
, {"name":"algorithm","alternatives":["dijkstra"]}
]
,
"platforms":[
{
"id":"S563", 
"host":"http://d024m03.istic.univ-rennes1.fr:1533/",
"services":[
{"name":"vehicle","alternatives":["car", "foot", "motorcycle"]}
, {"name":"weighting","alternatives":["default", "fastest"]}
, {"name":"algorithm","alternatives":["dijkstra"]}
]
}
, {
"id":"S212", 
"host":"http://e008m06.istic.univ-rennes1.fr:15310/",
"services":[
{"name":"vehicle","alternatives":["car"]}
, {"name":"weighting","alternatives":["fastest", "default", "shortest", "least_polluted"]}
, {"name":"algorithm","alternatives":["dijkstra"]}
]
}
, {
"id":"S90", 
"host":"http://e003m10.istic.univ-rennes1.fr:1538/",
"services":[
{"name":"vehicle","alternatives":["car", "bike"]}
, {"name":"weighting","alternatives":["fastest", "default", "shortest", "least_noisy"]}
, {"name":"algorithm","alternatives":["dijkstra"]}
]
}
, {
"id":"S297", 
"host":"http://e105m05.istic.univ-rennes1.fr:1535/",
"services":[
{"name":"vehicle","alternatives":["bike", "car", "foot"]}
, {"name":"weighting","alternatives":["default"]}
, {"name":"algorithm","alternatives":["dijkstra"]}
]
}
, {
"id":"S75", 
"host":"http://e003m09.istic.univ-rennes1.fr:1533/",
"services":[
{"name":"vehicle","alternatives":["car", "bike", "motorcycle"]}
, {"name":"weighting","alternatives":["shortest", "fastest", "least_congested", "default", "least_polluted"]}
, {"name":"algorithm","alternatives":["dijkstra"]}
]
}
, {
"id":"S576", 
"host":"http://d024m06.istic.univ-rennes1.fr:1531/",
"services":[
{"name":"vehicle","alternatives":["car", "foot"]}
, {"name":"weighting","alternatives":["fastest", "least_polluted", "least_noisy", "least_congested", "default", "shortest", "most_ozonic"]}
, {"name":"algorithm","alternatives":["dijkstra"]}
]
}
, {
"id":"S430", 
"host":"http://e212m09.istic.univ-rennes1.fr:1536/",
"services":[
{"name":"vehicle","alternatives":["car", "bike", "foot"]}
, {"name":"weighting","alternatives":["least_congested", "fastest", "default", "most_ozonic", "shortest", "least_polluted"]}
, {"name":"algorithm","alternatives":["dijkstra"]}
]
}
]
}

