{
"id":"C1043", 
"services":[
{"name":"vehicle","alternatives":["car", "bike", "foot"]}
, {"name":"weighting","alternatives":["fastest", "default", "least_polluted", "least_noisy"]}
, {"name":"algorithm","alternatives":["astar"]}
]
,
"platforms":[
{
"id":"S95", 
"host":"http://e103m01.istic.univ-rennes1.fr:1533/",
"services":[
{"name":"vehicle","alternatives":["car", "bike"]}
, {"name":"weighting","alternatives":["shortest", "fastest", "least_polluted", "default", "least_noisy", "least_congested"]}
, {"name":"algorithm","alternatives":["astar"]}
]
}
, {
"id":"S506", 
"host":"http://d022m04.istic.univ-rennes1.fr:1531/",
"services":[
{"name":"vehicle","alternatives":["foot"]}
, {"name":"weighting","alternatives":["least_pollen", "default", "fastest", "least_noisy"]}
, {"name":"algorithm","alternatives":["astar"]}
]
}
, {
"id":"S14", 
"host":"http://e003m02.istic.univ-rennes1.fr:1534/",
"services":[
{"name":"vehicle","alternatives":["foot", "car"]}
, {"name":"weighting","alternatives":["default", "fastest", "least_congested", "shortest", "most_ozonic", "least_pollen"]}
, {"name":"algorithm","alternatives":["astar"]}
]
}
, {
"id":"S302", 
"host":"http://e105m05.istic.univ-rennes1.fr:15310/",
"services":[
{"name":"vehicle","alternatives":["foot", "car", "bike"]}
, {"name":"weighting","alternatives":["least_polluted", "fastest", "default", "shortest", "least_congested"]}
, {"name":"algorithm","alternatives":["astar"]}
]
}
, {
"id":"S734", 
"host":"http://d122m01.istic.univ-rennes1.fr:1539/",
"services":[
{"name":"vehicle","alternatives":["car", "foot"]}
, {"name":"weighting","alternatives":["shortest", "fastest", "least_congested", "default", "least_noisy", "most_ozonic", "least_polluted"]}
, {"name":"algorithm","alternatives":["astar"]}
]
}
, {
"id":"S693", 
"host":"http://d028m05.istic.univ-rennes1.fr:1538/",
"services":[
{"name":"vehicle","alternatives":["car", "bike", "foot", "scooter"]}
, {"name":"weighting","alternatives":["fastest", "least_noisy", "default", "shortest", "least_congested", "most_ozonic"]}
, {"name":"algorithm","alternatives":["astar"]}
]
}
, {
"id":"S804", 
"host":"http://null/",
"services":[
{"name":"vehicle","alternatives":["car", "scooter", "foot", "bike"]}
, {"name":"weighting","alternatives":["least_polluted", "default", "fastest", "shortest", "least_pollen", "least_noisy", "most_scenic"]}
, {"name":"algorithm","alternatives":["astar"]}
]
}
]
}

