{
"id":"C652", 
"services":[
{"name":"vehicle","alternatives":["car", "foot"]}
, {"name":"weighting","alternatives":["least_congested", "shortest", "least_noisy"]}
, {"name":"algorithm","alternatives":["dijkstra"]}
]
,
"platforms":[
{
"id":"S657", 
"host":"http://d026m09.istic.univ-rennes1.fr:1532/",
"services":[
{"name":"vehicle","alternatives":["car"]}
, {"name":"weighting","alternatives":["default", "least_noisy", "fastest"]}
, {"name":"algorithm","alternatives":["dijkstra"]}
]
}
, {
"id":"S723", 
"host":"http://d028m10.istic.univ-rennes1.fr:1533/",
"services":[
{"name":"vehicle","alternatives":["car", "bike"]}
, {"name":"weighting","alternatives":["shortest", "fastest", "least_congested"]}
, {"name":"algorithm","alternatives":["dijkstra"]}
]
}
, {
"id":"S470", 
"host":"http://d020m05.istic.univ-rennes1.fr:1535/",
"services":[
{"name":"vehicle","alternatives":["foot", "car"]}
, {"name":"weighting","alternatives":["fastest", "default", "least_noisy", "least_congested", "shortest"]}
, {"name":"algorithm","alternatives":["dijkstra"]}
]
}
]
}

