{
"id":"C182", 
"services":[
{"name":"vehicle","alternatives":["motorcycle", "car", "bike", "foot", "scooter"]}
, {"name":"weighting","alternatives":["default", "fastest"]}
, {"name":"algorithm","alternatives":["dijkstra"]}
]
,
"platforms":[
{
"id":"S274", 
"host":"http://e105m03.istic.univ-rennes1.fr:1532/",
"services":[
{"name":"vehicle","alternatives":["car"]}
, {"name":"weighting","alternatives":["default", "most_scenic", "fastest", "shortest", "least_noisy", "least_congested", "least_polluted", "most_ozonic", "least_pollen"]}
, {"name":"algorithm","alternatives":["dijkstra"]}
]
}
, {
"id":"S518", 
"host":"http://d022m06.istic.univ-rennes1.fr:1538/",
"services":[
{"name":"vehicle","alternatives":["car", "bike"]}
, {"name":"weighting","alternatives":["fastest", "shortest", "most_scenic", "least_congested", "most_ozonic", "default", "least_polluted"]}
, {"name":"algorithm","alternatives":["dijkstra"]}
]
}
, {
"id":"S729", 
"host":"http://d122m01.istic.univ-rennes1.fr:1534/",
"services":[
{"name":"vehicle","alternatives":["car", "motorcycle"]}
, {"name":"weighting","alternatives":["default", "least_congested", "fastest", "shortest", "least_polluted", "least_noisy"]}
, {"name":"algorithm","alternatives":["dijkstra"]}
]
}
, {
"id":"S335", 
"host":"http://e105m09.istic.univ-rennes1.fr:1532/",
"services":[
{"name":"vehicle","alternatives":["car", "scooter"]}
, {"name":"weighting","alternatives":["default", "fastest", "least_congested", "least_polluted", "shortest", "least_noisy", "least_pollen", "most_scenic", "most_ozonic"]}
, {"name":"algorithm","alternatives":["dijkstra"]}
]
}
, {
"id":"S242", 
"host":"http://e008m09.istic.univ-rennes1.fr:15310/",
"services":[
{"name":"vehicle","alternatives":["car", "bike", "foot"]}
, {"name":"weighting","alternatives":["fastest", "least_congested", "default"]}
, {"name":"algorithm","alternatives":["dijkstra"]}
]
}
, {
"id":"S258", 
"host":"http://e105m01.istic.univ-rennes1.fr:1536/",
"services":[
{"name":"vehicle","alternatives":["bike", "foot", "car", "motorcycle"]}
, {"name":"weighting","alternatives":["fastest", "default", "least_congested", "least_pollen", "shortest", "least_polluted"]}
, {"name":"algorithm","alternatives":["dijkstra"]}
]
}
, {
"id":"S725", 
"host":"http://d028m10.istic.univ-rennes1.fr:1535/",
"services":[
{"name":"vehicle","alternatives":["car", "bike", "motorcycle", "scooter"]}
, {"name":"weighting","alternatives":["least_congested", "fastest", "shortest", "least_noisy"]}
, {"name":"algorithm","alternatives":["dijkstra"]}
]
}
, {
"id":"S551", 
"host":"http://d024m01.istic.univ-rennes1.fr:1531/",
"services":[
{"name":"vehicle","alternatives":["car", "bike", "motorcycle", "foot", "scooter"]}
, {"name":"weighting","alternatives":["default", "fastest", "shortest", "least_congested", "least_noisy"]}
, {"name":"algorithm","alternatives":["dijkstra"]}
]
}
]
}

