{
"id":"C299", 
"services":[
{"name":"vehicle","alternatives":["foot", "car"]}
, {"name":"weighting","alternatives":["fastest", "default"]}
, {"name":"algorithm","alternatives":["dijkstra"]}
]
,
"platforms":[
{
"id":"S491", 
"host":"http://d022m01.istic.univ-rennes1.fr:1531/",
"services":[
{"name":"vehicle","alternatives":["car"]}
, {"name":"weighting","alternatives":["shortest", "fastest"]}
, {"name":"algorithm","alternatives":["dijkstra"]}
]
}
, {
"id":"S569", 
"host":"http://d024m04.istic.univ-rennes1.fr:1534/",
"services":[
{"name":"vehicle","alternatives":["car", "scooter", "motorcycle"]}
, {"name":"weighting","alternatives":["fastest", "least_congested", "least_polluted", "default", "shortest", "least_noisy"]}
, {"name":"algorithm","alternatives":["dijkstra"]}
]
}
, {
"id":"S594", 
"host":"http://d024m10.istic.univ-rennes1.fr:1534/",
"services":[
{"name":"vehicle","alternatives":["foot", "car"]}
, {"name":"weighting","alternatives":["least_polluted", "fastest", "default"]}
, {"name":"algorithm","alternatives":["dijkstra"]}
]
}
]
}

