{
"id":"C139", 
"services":[
{"name":"vehicle","alternatives":["car"]}
, {"name":"weighting","alternatives":["fastest", "shortest"]}
, {"name":"algorithm","alternatives":["dijkstra"]}
]
,
"platforms":[
{
"id":"S401", 
"host":"http://e212m06.istic.univ-rennes1.fr:1537/",
"services":[
{"name":"vehicle","alternatives":["car"]}
, {"name":"weighting","alternatives":["fastest"]}
, {"name":"algorithm","alternatives":["dijkstra"]}
]
}
, {
"id":"S82", 
"host":"http://e003m09.istic.univ-rennes1.fr:15310/",
"services":[
{"name":"vehicle","alternatives":["bike", "car"]}
, {"name":"weighting","alternatives":["shortest", "default", "least_noisy", "least_congested", "fastest"]}
, {"name":"algorithm","alternatives":["dijkstra"]}
]
}
]
}

