{
"id":"C106", 
"services":[
{"name":"vehicle","alternatives":["car"]}
, {"name":"weighting","alternatives":["default", "fastest", "least_noisy", "least_pollen", "shortest"]}
, {"name":"algorithm","alternatives":["dijkstra"]}
]
,
"platforms":[
{
"id":"S645", 
"host":"http://d026m05.istic.univ-rennes1.fr:15310/",
"services":[
{"name":"vehicle","alternatives":["car"]}
, {"name":"weighting","alternatives":["default", "fastest", "least_polluted", "least_noisy", "most_ozonic", "shortest"]}
, {"name":"algorithm","alternatives":["dijkstra"]}
]
}
, {
"id":"S79", 
"host":"http://e003m09.istic.univ-rennes1.fr:1537/",
"services":[
{"name":"vehicle","alternatives":["car"]}
, {"name":"weighting","alternatives":["fastest", "least_congested", "least_pollen"]}
, {"name":"algorithm","alternatives":["dijkstra"]}
]
}
, {
"id":"S361", 
"host":"http://e212m01.istic.univ-rennes1.fr:1537/",
"services":[
{"name":"vehicle","alternatives":["bike", "motorcycle", "car"]}
, {"name":"weighting","alternatives":["shortest", "least_pollen", "least_polluted", "least_congested", "fastest"]}
, {"name":"algorithm","alternatives":["dijkstra"]}
]
}
, {
"id":"S595", 
"host":"http://d024m10.istic.univ-rennes1.fr:1535/",
"services":[
{"name":"vehicle","alternatives":["car"]}
, {"name":"weighting","alternatives":["fastest", "least_pollen", "least_noisy", "least_polluted", "least_congested", "default", "shortest"]}
, {"name":"algorithm","alternatives":["dijkstra"]}
]
}
]
}

