{
"id":"C864", 
"services":[
{"name":"vehicle","alternatives":["car", "foot"]}
, {"name":"weighting","alternatives":["shortest", "fastest", "least_noisy"]}
, {"name":"algorithm","alternatives":["dijkstra"]}
]
,
"platforms":[
{
"id":"S135", 
"host":"http://e103m06.istic.univ-rennes1.fr:1533/",
"services":[
{"name":"vehicle","alternatives":["car", "bike"]}
, {"name":"weighting","alternatives":["fastest", "default"]}
, {"name":"algorithm","alternatives":["dijkstra"]}
]
}
, {
"id":"S485", 
"host":"http://d020m09.istic.univ-rennes1.fr:1535/",
"services":[
{"name":"vehicle","alternatives":["car"]}
, {"name":"weighting","alternatives":["fastest", "least_congested", "shortest"]}
, {"name":"algorithm","alternatives":["dijkstra"]}
]
}
, {
"id":"S360", 
"host":"http://e212m01.istic.univ-rennes1.fr:1536/",
"services":[
{"name":"vehicle","alternatives":["car", "bike"]}
, {"name":"weighting","alternatives":["default", "least_noisy", "fastest", "shortest", "least_polluted"]}
, {"name":"algorithm","alternatives":["dijkstra"]}
]
}
, {
"id":"S498", 
"host":"http://d022m01.istic.univ-rennes1.fr:1538/",
"services":[
{"name":"vehicle","alternatives":["car", "foot"]}
, {"name":"weighting","alternatives":["least_polluted", "default", "fastest"]}
, {"name":"algorithm","alternatives":["dijkstra"]}
]
}
, {
"id":"S676", 
"host":"http://d028m04.istic.univ-rennes1.fr:1531/",
"services":[
{"name":"vehicle","alternatives":["car", "foot"]}
, {"name":"weighting","alternatives":["fastest", "least_congested", "least_noisy", "least_polluted"]}
, {"name":"algorithm","alternatives":["dijkstra"]}
]
}
, {
"id":"S842", 
"host":"http://null/",
"services":[
{"name":"vehicle","alternatives":["car", "foot"]}
, {"name":"weighting","alternatives":["default", "fastest", "least_polluted", "least_noisy", "shortest"]}
, {"name":"algorithm","alternatives":["dijkstra"]}
]
}
]
}

