{
"id":"C316", 
"services":[
{"name":"vehicle","alternatives":["car", "foot", "motorcycle"]}
, {"name":"weighting","alternatives":["default"]}
, {"name":"algorithm","alternatives":["astar"]}
]
,
"platforms":[
{
"id":"S165", 
"host":"http://e103m09.istic.univ-rennes1.fr:1533/",
"services":[
{"name":"vehicle","alternatives":["motorcycle", "bike"]}
, {"name":"weighting","alternatives":["fastest", "least_noisy", "default", "least_congested"]}
, {"name":"algorithm","alternatives":["astar"]}
]
}
, {
"id":"S240", 
"host":"http://e008m09.istic.univ-rennes1.fr:1538/",
"services":[
{"name":"vehicle","alternatives":["car"]}
, {"name":"weighting","alternatives":["shortest", "fastest", "default", "least_noisy", "least_polluted"]}
, {"name":"algorithm","alternatives":["astar"]}
]
}
, {
"id":"S302", 
"host":"http://e105m05.istic.univ-rennes1.fr:15310/",
"services":[
{"name":"vehicle","alternatives":["foot", "car", "bike"]}
, {"name":"weighting","alternatives":["least_polluted", "fastest", "default", "shortest", "least_congested"]}
, {"name":"algorithm","alternatives":["astar"]}
]
}
, {
"id":"S137", 
"host":"http://e103m06.istic.univ-rennes1.fr:1535/",
"services":[
{"name":"vehicle","alternatives":["car", "motorcycle"]}
, {"name":"weighting","alternatives":["fastest", "default", "shortest", "least_congested"]}
, {"name":"algorithm","alternatives":["astar"]}
]
}
, {
"id":"S323", 
"host":"http://e105m07.istic.univ-rennes1.fr:15310/",
"services":[
{"name":"vehicle","alternatives":["motorcycle", "bike", "foot", "car"]}
, {"name":"weighting","alternatives":["least_congested", "default", "fastest", "shortest", "least_noisy", "least_polluted"]}
, {"name":"algorithm","alternatives":["astar"]}
]
}
]
}

