{
"id":"C1192", 
"services":[
{"name":"vehicle","alternatives":["car", "foot", "bike"]}
, {"name":"weighting","alternatives":["default", "fastest", "least_congested"]}
, {"name":"algorithm","alternatives":["dijkstra"]}
]
,
"platforms":[
{
"id":"S721", 
"host":"http://d028m10.istic.univ-rennes1.fr:1531/",
"services":[
{"name":"vehicle","alternatives":["car"]}
, {"name":"weighting","alternatives":["fastest", "shortest", "default", "least_polluted", "least_noisy"]}
, {"name":"algorithm","alternatives":["dijkstra"]}
]
}
, {
"id":"S745", 
"host":"http://d122m03.istic.univ-rennes1.fr:1533/",
"services":[
{"name":"vehicle","alternatives":["car", "foot"]}
, {"name":"weighting","alternatives":["least_congested", "shortest", "least_polluted", "default", "fastest", "least_noisy", "most_ozonic"]}
, {"name":"algorithm","alternatives":["dijkstra"]}
]
}
, {
"id":"S135", 
"host":"http://e103m06.istic.univ-rennes1.fr:1533/",
"services":[
{"name":"vehicle","alternatives":["car", "bike"]}
, {"name":"weighting","alternatives":["fastest", "default"]}
, {"name":"algorithm","alternatives":["dijkstra"]}
]
}
, {
"id":"S127", 
"host":"http://e103m05.istic.univ-rennes1.fr:1535/",
"services":[
{"name":"vehicle","alternatives":["car", "bike"]}
, {"name":"weighting","alternatives":["fastest", "shortest", "most_scenic", "least_congested", "default", "least_polluted"]}
, {"name":"algorithm","alternatives":["dijkstra"]}
]
}
, {
"id":"S269", 
"host":"http://e105m02.istic.univ-rennes1.fr:1537/",
"services":[
{"name":"vehicle","alternatives":["car", "foot", "bike"]}
, {"name":"weighting","alternatives":["shortest", "default", "fastest", "least_polluted", "least_congested"]}
, {"name":"algorithm","alternatives":["dijkstra"]}
]
}
]
}

