{
"id":"C1401", 
"services":[
{"name":"vehicle","alternatives":["car"]}
, {"name":"weighting","alternatives":["least_congested", "shortest"]}
, {"name":"algorithm","alternatives":["astar"]}
]
,
"platforms":[
{
"id":"S385", 
"host":"http://e212m04.istic.univ-rennes1.fr:1531/",
"services":[
{"name":"vehicle","alternatives":["car", "foot"]}
, {"name":"weighting","alternatives":["fastest", "default", "least_noisy", "shortest", "least_congested"]}
, {"name":"algorithm","alternatives":["astar"]}
]
}
]
}

