{
"id":"C1255", 
"services":[
{"name":"vehicle","alternatives":["car", "foot", "bike"]}
, {"name":"weighting","alternatives":["default", "fastest"]}
, {"name":"algorithm","alternatives":["astar"]}
]
,
"platforms":[
{
"id":"S616", 
"host":"http://d026m03.istic.univ-rennes1.fr:1531/",
"services":[
{"name":"vehicle","alternatives":["car"]}
, {"name":"weighting","alternatives":["shortest", "default", "fastest", "most_ozonic"]}
, {"name":"algorithm","alternatives":["astar"]}
]
}
, {
"id":"S587", 
"host":"http://d024m09.istic.univ-rennes1.fr:1532/",
"services":[
{"name":"vehicle","alternatives":["scooter", "car", "foot"]}
, {"name":"weighting","alternatives":["fastest", "default", "least_congested"]}
, {"name":"algorithm","alternatives":["astar"]}
]
}
, {
"id":"S674", 
"host":"http://d028m03.istic.univ-rennes1.fr:1534/",
"services":[
{"name":"vehicle","alternatives":["bike"]}
, {"name":"weighting","alternatives":["fastest", "default", "shortest", "least_congested"]}
, {"name":"algorithm","alternatives":["astar"]}
]
}
, {
"id":"S584", 
"host":"http://d024m07.istic.univ-rennes1.fr:1534/",
"services":[
{"name":"vehicle","alternatives":["bike", "car"]}
, {"name":"weighting","alternatives":["shortest", "least_congested", "fastest", "least_noisy"]}
, {"name":"algorithm","alternatives":["astar"]}
]
}
, {
"id":"S750", 
"host":"http://d122m03.istic.univ-rennes1.fr:1537/",
"services":[
{"name":"vehicle","alternatives":["car", "bike"]}
, {"name":"weighting","alternatives":["fastest", "default", "shortest", "least_congested", "most_ozonic", "least_noisy", "least_polluted"]}
, {"name":"algorithm","alternatives":["astar"]}
]
}
, {
"id":"S235", 
"host":"http://e008m09.istic.univ-rennes1.fr:1533/",
"services":[
{"name":"vehicle","alternatives":["bike", "car", "foot", "motorcycle"]}
, {"name":"weighting","alternatives":["default", "least_congested", "least_noisy", "shortest"]}
, {"name":"algorithm","alternatives":["astar"]}
]
}
, {
"id":"S465", 
"host":"http://d020m04.istic.univ-rennes1.fr:15310/",
"services":[
{"name":"vehicle","alternatives":["car", "bike", "foot"]}
, {"name":"weighting","alternatives":["fastest"]}
, {"name":"algorithm","alternatives":["astar"]}
]
}
, {
"id":"S804", 
"host":"http://null/",
"services":[
{"name":"vehicle","alternatives":["car", "scooter", "foot", "bike"]}
, {"name":"weighting","alternatives":["least_polluted", "default", "fastest", "shortest", "least_pollen", "least_noisy", "most_scenic"]}
, {"name":"algorithm","alternatives":["astar"]}
]
}
]
}

