{
"id":"C309", 
"services":[
{"name":"vehicle","alternatives":["bike", "car", "motorcycle"]}
, {"name":"weighting","alternatives":["least_polluted"]}
, {"name":"algorithm","alternatives":["astar"]}
]
,
"platforms":[
{
"id":"S743", 
"host":"http://d122m03.istic.univ-rennes1.fr:1531/",
"services":[
{"name":"vehicle","alternatives":["bike"]}
, {"name":"weighting","alternatives":["least_polluted", "fastest", "default", "shortest", "least_noisy"]}
, {"name":"algorithm","alternatives":["astar"]}
]
}
, {
"id":"S548", 
"host":"http://d022m10.istic.univ-rennes1.fr:1538/",
"services":[
{"name":"vehicle","alternatives":["car"]}
, {"name":"weighting","alternatives":["least_polluted"]}
, {"name":"algorithm","alternatives":["astar"]}
]
}
, {
"id":"S549", 
"host":"http://d022m10.istic.univ-rennes1.fr:1539/",
"services":[
{"name":"vehicle","alternatives":["car", "bike"]}
, {"name":"weighting","alternatives":["least_polluted", "fastest", "least_congested", "shortest", "default", "least_pollen"]}
, {"name":"algorithm","alternatives":["astar"]}
]
}
, {
"id":"S323", 
"host":"http://e105m07.istic.univ-rennes1.fr:15310/",
"services":[
{"name":"vehicle","alternatives":["motorcycle", "bike", "foot", "car"]}
, {"name":"weighting","alternatives":["least_congested", "default", "fastest", "shortest", "least_noisy", "least_polluted"]}
, {"name":"algorithm","alternatives":["astar"]}
]
}
]
}

