{
"id":"C284", 
"services":[
{"name":"vehicle","alternatives":["car", "scooter", "bike"]}
, {"name":"weighting","alternatives":["fastest", "shortest"]}
, {"name":"algorithm","alternatives":["dijkstra"]}
]
,
"platforms":[
{
"id":"S619", 
"host":"http://d026m03.istic.univ-rennes1.fr:1534/",
"services":[
{"name":"vehicle","alternatives":["car"]}
, {"name":"weighting","alternatives":["default", "least_noisy", "fastest", "shortest", "least_congested"]}
, {"name":"algorithm","alternatives":["dijkstra"]}
]
}
, {
"id":"S366", 
"host":"http://e212m02.istic.univ-rennes1.fr:1532/",
"services":[
{"name":"vehicle","alternatives":["bike", "car", "foot"]}
, {"name":"weighting","alternatives":["shortest", "default", "fastest", "least_congested"]}
, {"name":"algorithm","alternatives":["dijkstra"]}
]
}
, {
"id":"S300", 
"host":"http://e105m05.istic.univ-rennes1.fr:1538/",
"services":[
{"name":"vehicle","alternatives":["foot", "car", "scooter"]}
, {"name":"weighting","alternatives":["fastest", "default", "least_noisy", "least_congested", "least_polluted"]}
, {"name":"algorithm","alternatives":["dijkstra"]}
]
}
, {
"id":"S507", 
"host":"http://d022m04.istic.univ-rennes1.fr:1532/",
"services":[
{"name":"vehicle","alternatives":["car", "bike", "scooter"]}
, {"name":"weighting","alternatives":["default", "fastest", "shortest"]}
, {"name":"algorithm","alternatives":["dijkstra"]}
]
}
]
}

