{
"id":"C261", 
"services":[
{"name":"vehicle","alternatives":["car", "foot", "bike", "motorcycle"]}
, {"name":"weighting","alternatives":["shortest", "fastest", "default", "least_polluted", "least_congested"]}
, {"name":"algorithm","alternatives":["dijkstra"]}
]
,
"platforms":[
{
"id":"S313", 
"host":"http://e105m06.istic.univ-rennes1.fr:15310/",
"services":[
{"name":"vehicle","alternatives":["motorcycle"]}
, {"name":"weighting","alternatives":["shortest", "least_pollen", "fastest", "least_congested", "most_scenic"]}
, {"name":"algorithm","alternatives":["dijkstra"]}
]
}
, {
"id":"S623", 
"host":"http://d026m03.istic.univ-rennes1.fr:1538/",
"services":[
{"name":"vehicle","alternatives":["bike"]}
, {"name":"weighting","alternatives":["fastest", "least_polluted"]}
, {"name":"algorithm","alternatives":["dijkstra"]}
]
}
, {
"id":"S76", 
"host":"http://e003m09.istic.univ-rennes1.fr:1534/",
"services":[
{"name":"vehicle","alternatives":["car"]}
, {"name":"weighting","alternatives":["fastest", "shortest", "default", "least_polluted"]}
, {"name":"algorithm","alternatives":["dijkstra"]}
]
}
, {
"id":"S121", 
"host":"http://e103m04.istic.univ-rennes1.fr:1539/",
"services":[
{"name":"vehicle","alternatives":["car"]}
, {"name":"weighting","alternatives":["default", "fastest", "shortest", "least_congested"]}
, {"name":"algorithm","alternatives":["dijkstra"]}
]
}
, {
"id":"S706", 
"host":"http://d028m08.istic.univ-rennes1.fr:1536/",
"services":[
{"name":"vehicle","alternatives":["car", "bike"]}
, {"name":"weighting","alternatives":["fastest"]}
, {"name":"algorithm","alternatives":["dijkstra"]}
]
}
, {
"id":"S526", 
"host":"http://d022m07.istic.univ-rennes1.fr:1536/",
"services":[
{"name":"vehicle","alternatives":["car", "bike"]}
, {"name":"weighting","alternatives":["shortest", "least_noisy", "default", "fastest", "least_congested", "least_polluted", "most_ozonic"]}
, {"name":"algorithm","alternatives":["dijkstra"]}
]
}
, {
"id":"S705", 
"host":"http://d028m08.istic.univ-rennes1.fr:1535/",
"services":[
{"name":"vehicle","alternatives":["car", "foot"]}
, {"name":"weighting","alternatives":["least_polluted", "fastest"]}
, {"name":"algorithm","alternatives":["dijkstra"]}
]
}
, {
"id":"S422", 
"host":"http://e212m08.istic.univ-rennes1.fr:1538/",
"services":[
{"name":"vehicle","alternatives":["car", "foot"]}
, {"name":"weighting","alternatives":["least_congested", "default", "least_noisy", "fastest", "most_scenic"]}
, {"name":"algorithm","alternatives":["dijkstra"]}
]
}
, {
"id":"S770", 
"host":"http://d122m06.istic.univ-rennes1.fr:1535/",
"services":[
{"name":"vehicle","alternatives":["car", "foot"]}
, {"name":"weighting","alternatives":["shortest", "least_noisy"]}
, {"name":"algorithm","alternatives":["dijkstra"]}
]
}
, {
"id":"S443", 
"host":"http://d020m01.istic.univ-rennes1.fr:1538/",
"services":[
{"name":"vehicle","alternatives":["car", "foot"]}
, {"name":"weighting","alternatives":["fastest", "default", "shortest", "most_scenic"]}
, {"name":"algorithm","alternatives":["dijkstra"]}
]
}
, {
"id":"S571", 
"host":"http://d024m05.istic.univ-rennes1.fr:1531/",
"services":[
{"name":"vehicle","alternatives":["foot", "car"]}
, {"name":"weighting","alternatives":["fastest", "least_congested", "least_polluted", "default", "shortest", "least_noisy", "most_ozonic"]}
, {"name":"algorithm","alternatives":["dijkstra"]}
]
}
, {
"id":"S487", 
"host":"http://d020m10.istic.univ-rennes1.fr:1532/",
"services":[
{"name":"vehicle","alternatives":["foot", "car", "bike"]}
, {"name":"weighting","alternatives":["default", "fastest", "least_congested", "most_ozonic", "least_polluted"]}
, {"name":"algorithm","alternatives":["dijkstra"]}
]
}
, {
"id":"S652", 
"host":"http://d026m08.istic.univ-rennes1.fr:1532/",
"services":[
{"name":"vehicle","alternatives":["car", "motorcycle"]}
, {"name":"weighting","alternatives":["default", "fastest", "least_noisy", "least_congested"]}
, {"name":"algorithm","alternatives":["dijkstra"]}
]
}
, {
"id":"S66", 
"host":"http://e003m08.istic.univ-rennes1.fr:1534/",
"services":[
{"name":"vehicle","alternatives":["car", "bike", "foot"]}
, {"name":"weighting","alternatives":["least_polluted", "fastest", "default", "least_noisy", "most_ozonic", "least_congested", "shortest"]}
, {"name":"algorithm","alternatives":["dijkstra"]}
]
}
, {
"id":"S606", 
"host":"http://d026m02.istic.univ-rennes1.fr:1531/",
"services":[
{"name":"vehicle","alternatives":["motorcycle", "car"]}
, {"name":"weighting","alternatives":["fastest", "most_scenic", "shortest", "default", "most_ozonic", "least_congested", "least_polluted", "least_noisy"]}
, {"name":"algorithm","alternatives":["dijkstra"]}
]
}
, {
"id":"S709", 
"host":"http://d028m08.istic.univ-rennes1.fr:1539/",
"services":[
{"name":"vehicle","alternatives":["car", "motorcycle", "bike"]}
, {"name":"weighting","alternatives":["shortest", "fastest", "least_noisy", "default", "least_congested", "most_scenic"]}
, {"name":"algorithm","alternatives":["dijkstra"]}
]
}
, {
"id":"S65", 
"host":"http://e003m08.istic.univ-rennes1.fr:1533/",
"services":[
{"name":"vehicle","alternatives":["bike", "car", "motorcycle"]}
, {"name":"weighting","alternatives":["default", "fastest", "shortest", "least_noisy", "least_polluted"]}
, {"name":"algorithm","alternatives":["dijkstra"]}
]
}
, {
"id":"S472", 
"host":"http://d020m06.istic.univ-rennes1.fr:1532/",
"services":[
{"name":"vehicle","alternatives":["car", "foot", "motorcycle"]}
, {"name":"weighting","alternatives":["fastest", "shortest", "least_congested", "default", "least_noisy", "least_polluted", "most_ozonic", "least_pollen"]}
, {"name":"algorithm","alternatives":["dijkstra"]}
]
}
, {
"id":"S818", 
"host":"http://null/",
"services":[
{"name":"vehicle","alternatives":["car", "bike", "motorcycle", "foot", "scooter"]}
, {"name":"weighting","alternatives":["shortest", "least_congested", "fastest", "default"]}
, {"name":"algorithm","alternatives":["dijkstra"]}
]
}
, {
"id":"S185", 
"host":"http://e008m03.istic.univ-rennes1.fr:1533/",
"services":[
{"name":"vehicle","alternatives":["car", "motorcycle", "bike", "foot"]}
, {"name":"weighting","alternatives":["least_polluted", "fastest"]}
, {"name":"algorithm","alternatives":["dijkstra"]}
]
}
, {
"id":"S523", 
"host":"http://d022m07.istic.univ-rennes1.fr:1533/",
"services":[
{"name":"vehicle","alternatives":["car", "foot", "bike", "motorcycle"]}
, {"name":"weighting","alternatives":["fastest", "default", "shortest", "least_noisy", "most_ozonic", "least_congested", "least_polluted", "most_scenic"]}
, {"name":"algorithm","alternatives":["dijkstra"]}
]
}
]
}

