{
"id":"C391", 
"services":[
{"name":"vehicle","alternatives":["bike", "car", "foot"]}
, {"name":"weighting","alternatives":["fastest", "least_polluted", "default"]}
, {"name":"algorithm","alternatives":["dijkstra"]}
]
,
"platforms":[
{
"id":"S713", 
"host":"http://d028m09.istic.univ-rennes1.fr:1533/",
"services":[
{"name":"vehicle","alternatives":["car"]}
, {"name":"weighting","alternatives":["default", "fastest", "least_congested"]}
, {"name":"algorithm","alternatives":["dijkstra"]}
]
}
, {
"id":"S720", 
"host":"http://d028m09.istic.univ-rennes1.fr:15310/",
"services":[
{"name":"vehicle","alternatives":["foot", "car"]}
, {"name":"weighting","alternatives":["least_noisy", "default"]}
, {"name":"algorithm","alternatives":["dijkstra"]}
]
}
, {
"id":"S569", 
"host":"http://d024m04.istic.univ-rennes1.fr:1534/",
"services":[
{"name":"vehicle","alternatives":["car", "scooter", "motorcycle"]}
, {"name":"weighting","alternatives":["fastest", "least_congested", "least_polluted", "default", "shortest", "least_noisy"]}
, {"name":"algorithm","alternatives":["dijkstra"]}
]
}
, {
"id":"S326", 
"host":"http://e105m08.istic.univ-rennes1.fr:1533/",
"services":[
{"name":"vehicle","alternatives":["car", "bike", "foot"]}
, {"name":"weighting","alternatives":["shortest", "fastest", "default", "least_congested"]}
, {"name":"algorithm","alternatives":["dijkstra"]}
]
}
, {
"id":"S471", 
"host":"http://d020m06.istic.univ-rennes1.fr:1531/",
"services":[
{"name":"vehicle","alternatives":["foot"]}
, {"name":"weighting","alternatives":["fastest", "least_congested", "default", "least_pollen", "most_scenic", "shortest", "most_ozonic", "least_polluted"]}
, {"name":"algorithm","alternatives":["dijkstra"]}
]
}
, {
"id":"S300", 
"host":"http://e105m05.istic.univ-rennes1.fr:1538/",
"services":[
{"name":"vehicle","alternatives":["foot", "car", "scooter"]}
, {"name":"weighting","alternatives":["fastest", "default", "least_noisy", "least_congested", "least_polluted"]}
, {"name":"algorithm","alternatives":["dijkstra"]}
]
}
, {
"id":"S771", 
"host":"http://d122m07.istic.univ-rennes1.fr:1531/",
"services":[
{"name":"vehicle","alternatives":["bike", "car"]}
, {"name":"weighting","alternatives":["fastest", "least_polluted"]}
, {"name":"algorithm","alternatives":["dijkstra"]}
]
}
, {
"id":"S99", 
"host":"http://e103m01.istic.univ-rennes1.fr:1537/",
"services":[
{"name":"vehicle","alternatives":["car", "bike"]}
, {"name":"weighting","alternatives":["default", "fastest", "shortest", "least_congested", "most_scenic", "least_polluted"]}
, {"name":"algorithm","alternatives":["dijkstra"]}
]
}
, {
"id":"S187", 
"host":"http://e008m03.istic.univ-rennes1.fr:1535/",
"services":[
{"name":"vehicle","alternatives":["car", "foot", "bike"]}
, {"name":"weighting","alternatives":["fastest", "least_polluted", "shortest", "most_scenic", "default", "least_congested"]}
, {"name":"algorithm","alternatives":["dijkstra"]}
]
}
]
}

