{
"id":"C828", 
"services":[
{"name":"vehicle","alternatives":["foot", "car", "bike", "motorcycle"]}
, {"name":"weighting","alternatives":["fastest", "least_noisy"]}
, {"name":"algorithm","alternatives":["dijkstra"]}
]
,
"platforms":[
{
"id":"S796", 
"host":"http://d122m10.istic.univ-rennes1.fr:15310/",
"services":[
{"name":"vehicle","alternatives":["bike", "scooter"]}
, {"name":"weighting","alternatives":["fastest", "default", "least_noisy", "least_congested", "shortest"]}
, {"name":"algorithm","alternatives":["dijkstra"]}
]
}
, {
"id":"S738", 
"host":"http://d122m02.istic.univ-rennes1.fr:1532/",
"services":[
{"name":"vehicle","alternatives":["car", "bike"]}
, {"name":"weighting","alternatives":["least_noisy", "default", "fastest", "most_ozonic", "least_congested", "shortest", "least_polluted"]}
, {"name":"algorithm","alternatives":["dijkstra"]}
]
}
, {
"id":"S571", 
"host":"http://d024m05.istic.univ-rennes1.fr:1531/",
"services":[
{"name":"vehicle","alternatives":["foot", "car"]}
, {"name":"weighting","alternatives":["fastest", "least_congested", "least_polluted", "default", "shortest", "least_noisy", "most_ozonic"]}
, {"name":"algorithm","alternatives":["dijkstra"]}
]
}
, {
"id":"S375", 
"host":"http://e212m03.istic.univ-rennes1.fr:1531/",
"services":[
{"name":"vehicle","alternatives":["bike", "foot", "car"]}
, {"name":"weighting","alternatives":["shortest", "fastest"]}
, {"name":"algorithm","alternatives":["dijkstra"]}
]
}
, {
"id":"S765", 
"host":"http://d122m05.istic.univ-rennes1.fr:1535/",
"services":[
{"name":"vehicle","alternatives":["car", "motorcycle"]}
, {"name":"weighting","alternatives":["default", "least_noisy", "fastest", "shortest", "least_congested", "least_pollen"]}
, {"name":"algorithm","alternatives":["dijkstra"]}
]
}
, {
"id":"S3", 
"host":"http://e003m01.istic.univ-rennes1.fr:1533/",
"services":[
{"name":"vehicle","alternatives":["bike", "car", "motorcycle"]}
, {"name":"weighting","alternatives":["fastest", "least_noisy", "shortest", "least_congested", "least_polluted"]}
, {"name":"algorithm","alternatives":["dijkstra"]}
]
}
, {
"id":"S563", 
"host":"http://d024m03.istic.univ-rennes1.fr:1533/",
"services":[
{"name":"vehicle","alternatives":["car", "foot", "motorcycle"]}
, {"name":"weighting","alternatives":["default", "fastest"]}
, {"name":"algorithm","alternatives":["dijkstra"]}
]
}
, {
"id":"S27", 
"host":"http://e003m04.istic.univ-rennes1.fr:1535/",
"services":[
{"name":"vehicle","alternatives":["car", "bike", "foot"]}
, {"name":"weighting","alternatives":["least_polluted", "least_noisy", "default"]}
, {"name":"algorithm","alternatives":["dijkstra"]}
]
}
, {
"id":"S452", 
"host":"http://d020m02.istic.univ-rennes1.fr:1537/",
"services":[
{"name":"vehicle","alternatives":["car", "foot", "bike"]}
, {"name":"weighting","alternatives":["fastest", "least_noisy"]}
, {"name":"algorithm","alternatives":["dijkstra"]}
]
}
, {
"id":"S102", 
"host":"http://e103m01.istic.univ-rennes1.fr:15310/",
"services":[
{"name":"vehicle","alternatives":["car", "motorcycle", "foot"]}
, {"name":"weighting","alternatives":["default", "shortest", "fastest", "least_congested", "least_noisy"]}
, {"name":"algorithm","alternatives":["dijkstra"]}
]
}
, {
"id":"S775", 
"host":"http://d122m07.istic.univ-rennes1.fr:1535/",
"services":[
{"name":"vehicle","alternatives":["bike", "car", "motorcycle", "foot"]}
, {"name":"weighting","alternatives":["fastest", "default", "least_noisy", "least_congested"]}
, {"name":"algorithm","alternatives":["dijkstra"]}
]
}
]
}

