{
"id":"C382", 
"services":[
{"name":"vehicle","alternatives":["car", "bike", "motorcycle"]}
, {"name":"weighting","alternatives":["shortest"]}
, {"name":"algorithm","alternatives":["dijkstra"]}
]
,
"platforms":[
{
"id":"S796", 
"host":"http://d122m10.istic.univ-rennes1.fr:15310/",
"services":[
{"name":"vehicle","alternatives":["bike", "scooter"]}
, {"name":"weighting","alternatives":["fastest", "default", "least_noisy", "least_congested", "shortest"]}
, {"name":"algorithm","alternatives":["dijkstra"]}
]
}
, {
"id":"S709", 
"host":"http://d028m08.istic.univ-rennes1.fr:1539/",
"services":[
{"name":"vehicle","alternatives":["car", "motorcycle", "bike"]}
, {"name":"weighting","alternatives":["shortest", "fastest", "least_noisy", "default", "least_congested", "most_scenic"]}
, {"name":"algorithm","alternatives":["dijkstra"]}
]
}
]
}

