{
"id":"C240", 
"services":[
{"name":"vehicle","alternatives":["car"]}
, {"name":"weighting","alternatives":["fastest", "default", "least_polluted"]}
, {"name":"algorithm","alternatives":["astar"]}
]
,
"platforms":[
{
"id":"S549", 
"host":"http://d022m10.istic.univ-rennes1.fr:1539/",
"services":[
{"name":"vehicle","alternatives":["car", "bike"]}
, {"name":"weighting","alternatives":["least_polluted", "fastest", "least_congested", "shortest", "default", "least_pollen"]}
, {"name":"algorithm","alternatives":["astar"]}
]
}
]
}

