{
"id":"C656", 
"services":[
{"name":"vehicle","alternatives":["bike"]}
, {"name":"weighting","alternatives":["fastest", "shortest", "default", "least_congested", "least_polluted"]}
, {"name":"algorithm","alternatives":["astar"]}
]
,
"platforms":[
{
"id":"S433", 
"host":"http://e212m09.istic.univ-rennes1.fr:1539/",
"services":[
{"name":"vehicle","alternatives":["bike"]}
, {"name":"weighting","alternatives":["fastest", "default", "least_polluted"]}
, {"name":"algorithm","alternatives":["astar"]}
]
}
, {
"id":"S584", 
"host":"http://d024m07.istic.univ-rennes1.fr:1534/",
"services":[
{"name":"vehicle","alternatives":["bike", "car"]}
, {"name":"weighting","alternatives":["shortest", "least_congested", "fastest", "least_noisy"]}
, {"name":"algorithm","alternatives":["astar"]}
]
}
, {
"id":"S750", 
"host":"http://d122m03.istic.univ-rennes1.fr:1537/",
"services":[
{"name":"vehicle","alternatives":["car", "bike"]}
, {"name":"weighting","alternatives":["fastest", "default", "shortest", "least_congested", "most_ozonic", "least_noisy", "least_polluted"]}
, {"name":"algorithm","alternatives":["astar"]}
]
}
]
}

