{
"id":"C804", 
"services":[
{"name":"vehicle","alternatives":["car", "bike", "foot"]}
, {"name":"weighting","alternatives":["fastest", "least_congested", "default"]}
, {"name":"algorithm","alternatives":["astar"]}
]
,
"platforms":[
{
"id":"S469", 
"host":"http://d020m05.istic.univ-rennes1.fr:1534/",
"services":[
{"name":"vehicle","alternatives":["car"]}
, {"name":"weighting","alternatives":["fastest", "least_pollen", "least_noisy"]}
, {"name":"algorithm","alternatives":["astar"]}
]
}
, {
"id":"S763", 
"host":"http://d122m05.istic.univ-rennes1.fr:1533/",
"services":[
{"name":"vehicle","alternatives":["car"]}
, {"name":"weighting","alternatives":["fastest", "default", "least_congested", "least_noisy"]}
, {"name":"algorithm","alternatives":["astar"]}
]
}
, {
"id":"S475", 
"host":"http://d020m06.istic.univ-rennes1.fr:1535/",
"services":[
{"name":"vehicle","alternatives":["car", "foot"]}
, {"name":"weighting","alternatives":["shortest", "least_pollen", "fastest"]}
, {"name":"algorithm","alternatives":["astar"]}
]
}
, {
"id":"S582", 
"host":"http://d024m07.istic.univ-rennes1.fr:1532/",
"services":[
{"name":"vehicle","alternatives":["car", "bike"]}
, {"name":"weighting","alternatives":["least_polluted", "default", "fastest", "least_noisy", "shortest"]}
, {"name":"algorithm","alternatives":["astar"]}
]
}
, {
"id":"S385", 
"host":"http://e212m04.istic.univ-rennes1.fr:1531/",
"services":[
{"name":"vehicle","alternatives":["car", "foot"]}
, {"name":"weighting","alternatives":["fastest", "default", "least_noisy", "shortest", "least_congested"]}
, {"name":"algorithm","alternatives":["astar"]}
]
}
, {
"id":"S480", 
"host":"http://d020m07.istic.univ-rennes1.fr:1535/",
"services":[
{"name":"vehicle","alternatives":["bike"]}
, {"name":"weighting","alternatives":["least_congested", "default", "least_polluted", "fastest"]}
, {"name":"algorithm","alternatives":["astar"]}
]
}
, {
"id":"S465", 
"host":"http://d020m04.istic.univ-rennes1.fr:15310/",
"services":[
{"name":"vehicle","alternatives":["car", "bike", "foot"]}
, {"name":"weighting","alternatives":["fastest"]}
, {"name":"algorithm","alternatives":["astar"]}
]
}
, {
"id":"S804", 
"host":"http://null/",
"services":[
{"name":"vehicle","alternatives":["car", "scooter", "foot", "bike"]}
, {"name":"weighting","alternatives":["least_polluted", "default", "fastest", "shortest", "least_pollen", "least_noisy", "most_scenic"]}
, {"name":"algorithm","alternatives":["astar"]}
]
}
, {
"id":"S272", 
"host":"http://e105m02.istic.univ-rennes1.fr:15310/",
"services":[
{"name":"vehicle","alternatives":["car", "bike"]}
, {"name":"weighting","alternatives":["least_polluted", "shortest", "default", "fastest", "least_congested", "least_noisy", "most_ozonic", "most_scenic"]}
, {"name":"algorithm","alternatives":["astar"]}
]
}
, {
"id":"S766", 
"host":"http://d122m06.istic.univ-rennes1.fr:1531/",
"services":[
{"name":"vehicle","alternatives":["car", "bike", "foot"]}
, {"name":"weighting","alternatives":["shortest", "least_congested", "default"]}
, {"name":"algorithm","alternatives":["astar"]}
]
}
, {
"id":"S302", 
"host":"http://e105m05.istic.univ-rennes1.fr:15310/",
"services":[
{"name":"vehicle","alternatives":["foot", "car", "bike"]}
, {"name":"weighting","alternatives":["least_polluted", "fastest", "default", "shortest", "least_congested"]}
, {"name":"algorithm","alternatives":["astar"]}
]
}
]
}

