{
"id":"C773", 
"services":[
{"name":"vehicle","alternatives":["car", "bike"]}
, {"name":"weighting","alternatives":["fastest", "default", "least_congested", "shortest"]}
, {"name":"algorithm","alternatives":["dijkstra"]}
]
,
"platforms":[
{
"id":"S444", 
"host":"http://d020m01.istic.univ-rennes1.fr:1539/",
"services":[
{"name":"vehicle","alternatives":["car"]}
, {"name":"weighting","alternatives":["fastest", "default", "least_noisy", "shortest", "least_congested", "least_polluted", "least_pollen"]}
, {"name":"algorithm","alternatives":["dijkstra"]}
]
}
, {
"id":"S492", 
"host":"http://d022m01.istic.univ-rennes1.fr:1532/",
"services":[
{"name":"vehicle","alternatives":["bike"]}
, {"name":"weighting","alternatives":["fastest", "default", "least_congested", "shortest", "least_polluted"]}
, {"name":"algorithm","alternatives":["dijkstra"]}
]
}
, {
"id":"S675", 
"host":"http://d028m03.istic.univ-rennes1.fr:1535/",
"services":[
{"name":"vehicle","alternatives":["bike", "car"]}
, {"name":"weighting","alternatives":["fastest", "least_noisy", "shortest", "most_scenic"]}
, {"name":"algorithm","alternatives":["dijkstra"]}
]
}
, {
"id":"S326", 
"host":"http://e105m08.istic.univ-rennes1.fr:1533/",
"services":[
{"name":"vehicle","alternatives":["car", "bike", "foot"]}
, {"name":"weighting","alternatives":["shortest", "fastest", "default", "least_congested"]}
, {"name":"algorithm","alternatives":["dijkstra"]}
]
}
]
}

