{
"id":"C701", 
"services":[
{"name":"vehicle","alternatives":["foot", "bike"]}
, {"name":"weighting","alternatives":["fastest"]}
, {"name":"algorithm","alternatives":["astar"]}
]
,
"platforms":[
{
"id":"S457", 
"host":"http://d020m04.istic.univ-rennes1.fr:1532/",
"services":[
{"name":"vehicle","alternatives":["car", "bike"]}
, {"name":"weighting","alternatives":["shortest", "least_polluted", "fastest"]}
, {"name":"algorithm","alternatives":["astar"]}
]
}
, {
"id":"S475", 
"host":"http://d020m06.istic.univ-rennes1.fr:1535/",
"services":[
{"name":"vehicle","alternatives":["car", "foot"]}
, {"name":"weighting","alternatives":["shortest", "least_pollen", "fastest"]}
, {"name":"algorithm","alternatives":["astar"]}
]
}
, {
"id":"S693", 
"host":"http://d028m05.istic.univ-rennes1.fr:1538/",
"services":[
{"name":"vehicle","alternatives":["car", "bike", "foot", "scooter"]}
, {"name":"weighting","alternatives":["fastest", "least_noisy", "default", "shortest", "least_congested", "most_ozonic"]}
, {"name":"algorithm","alternatives":["astar"]}
]
}
]
}

