{
"id":"C729", 
"services":[
{"name":"vehicle","alternatives":["car", "bike", "foot"]}
, {"name":"weighting","alternatives":["default"]}
, {"name":"algorithm","alternatives":["astar"]}
]
,
"platforms":[
{
"id":"S14", 
"host":"http://e003m02.istic.univ-rennes1.fr:1534/",
"services":[
{"name":"vehicle","alternatives":["foot", "car"]}
, {"name":"weighting","alternatives":["default", "fastest", "least_congested", "shortest", "most_ozonic", "least_pollen"]}
, {"name":"algorithm","alternatives":["astar"]}
]
}
, {
"id":"S549", 
"host":"http://d022m10.istic.univ-rennes1.fr:1539/",
"services":[
{"name":"vehicle","alternatives":["car", "bike"]}
, {"name":"weighting","alternatives":["least_polluted", "fastest", "least_congested", "shortest", "default", "least_pollen"]}
, {"name":"algorithm","alternatives":["astar"]}
]
}
, {
"id":"S302", 
"host":"http://e105m05.istic.univ-rennes1.fr:15310/",
"services":[
{"name":"vehicle","alternatives":["foot", "car", "bike"]}
, {"name":"weighting","alternatives":["least_polluted", "fastest", "default", "shortest", "least_congested"]}
, {"name":"algorithm","alternatives":["astar"]}
]
}
]
}

