{
"id":"C1416", 
"services":[
{"name":"vehicle","alternatives":["car", "motorcycle", "foot"]}
, {"name":"weighting","alternatives":["default", "fastest", "least_congested"]}
, {"name":"algorithm","alternatives":["dijkstra"]}
]
,
"platforms":[
{
"id":"S583", 
"host":"http://d024m07.istic.univ-rennes1.fr:1533/",
"services":[
{"name":"vehicle","alternatives":["car"]}
, {"name":"weighting","alternatives":["fastest", "most_ozonic", "least_noisy", "shortest", "least_congested", "default", "least_polluted"]}
, {"name":"algorithm","alternatives":["dijkstra"]}
]
}
, {
"id":"S694", 
"host":"http://d028m05.istic.univ-rennes1.fr:1539/",
"services":[
{"name":"vehicle","alternatives":["motorcycle", "car"]}
, {"name":"weighting","alternatives":["default", "shortest", "fastest", "least_polluted"]}
, {"name":"algorithm","alternatives":["dijkstra"]}
]
}
, {
"id":"S221", 
"host":"http://e008m07.istic.univ-rennes1.fr:1539/",
"services":[
{"name":"vehicle","alternatives":["car", "motorcycle"]}
, {"name":"weighting","alternatives":["default", "fastest", "least_congested"]}
, {"name":"algorithm","alternatives":["dijkstra"]}
]
}
, {
"id":"S604", 
"host":"http://d026m01.istic.univ-rennes1.fr:1534/",
"services":[
{"name":"vehicle","alternatives":["foot", "car"]}
, {"name":"weighting","alternatives":["default", "fastest", "least_congested", "shortest"]}
, {"name":"algorithm","alternatives":["dijkstra"]}
]
}
, {
"id":"S658", 
"host":"http://d026m09.istic.univ-rennes1.fr:1533/",
"services":[
{"name":"vehicle","alternatives":["car", "motorcycle", "foot"]}
, {"name":"weighting","alternatives":["shortest", "default", "fastest", "least_polluted"]}
, {"name":"algorithm","alternatives":["dijkstra"]}
]
}
, {
"id":"S410", 
"host":"http://e212m07.istic.univ-rennes1.fr:1536/",
"services":[
{"name":"vehicle","alternatives":["car", "motorcycle", "foot"]}
, {"name":"weighting","alternatives":["default", "fastest", "least_congested", "most_ozonic"]}
, {"name":"algorithm","alternatives":["dijkstra"]}
]
}
]
}

