{
"id":"C1016", 
"services":[
{"name":"vehicle","alternatives":["bike"]}
, {"name":"weighting","alternatives":["least_congested", "fastest", "least_noisy"]}
, {"name":"algorithm","alternatives":["dijkstra"]}
]
,
"platforms":[
{
"id":"S370", 
"host":"http://e212m02.istic.univ-rennes1.fr:1536/",
"services":[
{"name":"vehicle","alternatives":["car", "bike"]}
, {"name":"weighting","alternatives":["fastest"]}
, {"name":"algorithm","alternatives":["dijkstra"]}
]
}
, {
"id":"S25", 
"host":"http://e003m04.istic.univ-rennes1.fr:1533/",
"services":[
{"name":"vehicle","alternatives":["bike", "foot"]}
, {"name":"weighting","alternatives":["shortest", "least_congested", "fastest", "default", "most_ozonic"]}
, {"name":"algorithm","alternatives":["dijkstra"]}
]
}
, {
"id":"S603", 
"host":"http://d026m01.istic.univ-rennes1.fr:1533/",
"services":[
{"name":"vehicle","alternatives":["bike", "foot", "car"]}
, {"name":"weighting","alternatives":["default", "fastest", "least_noisy"]}
, {"name":"algorithm","alternatives":["dijkstra"]}
]
}
, {
"id":"S251", 
"host":"http://e008m10.istic.univ-rennes1.fr:1539/",
"services":[
{"name":"vehicle","alternatives":["bike", "car"]}
, {"name":"weighting","alternatives":["fastest", "least_congested", "default", "most_ozonic", "least_noisy", "shortest", "least_polluted", "least_pollen", "most_scenic"]}
, {"name":"algorithm","alternatives":["dijkstra"]}
]
}
]
}

