{
"id":"C1360", 
"services":[
{"name":"vehicle","alternatives":["car"]}
, {"name":"weighting","alternatives":["least_congested", "default", "fastest"]}
, {"name":"algorithm","alternatives":["dijkstra"]}
]
,
"platforms":[
{
"id":"S31", 
"host":"http://e003m04.istic.univ-rennes1.fr:1539/",
"services":[
{"name":"vehicle","alternatives":["car", "bike"]}
, {"name":"weighting","alternatives":["default", "fastest", "least_noisy", "shortest"]}
, {"name":"algorithm","alternatives":["dijkstra"]}
]
}
, {
"id":"S179", 
"host":"http://e008m01.istic.univ-rennes1.fr:1537/",
"services":[
{"name":"vehicle","alternatives":["car"]}
, {"name":"weighting","alternatives":["fastest", "shortest", "least_congested", "default", "least_noisy", "most_scenic"]}
, {"name":"algorithm","alternatives":["dijkstra"]}
]
}
]
}

