{
"id":"C938", 
"services":[
{"name":"vehicle","alternatives":["car"]}
, {"name":"weighting","alternatives":["fastest", "shortest"]}
, {"name":"algorithm","alternatives":["dijkstra"]}
]
,
"platforms":[
{
"id":"S362", 
"host":"http://e212m01.istic.univ-rennes1.fr:1538/",
"services":[
{"name":"vehicle","alternatives":["car"]}
, {"name":"weighting","alternatives":["fastest"]}
, {"name":"algorithm","alternatives":["dijkstra"]}
]
}
, {
"id":"S155", 
"host":"http://e103m08.istic.univ-rennes1.fr:1533/",
"services":[
{"name":"vehicle","alternatives":["car"]}
, {"name":"weighting","alternatives":["least_noisy", "shortest", "fastest", "least_congested", "default", "least_polluted"]}
, {"name":"algorithm","alternatives":["dijkstra"]}
]
}
]
}

