{
"id":"C16", 
"services":[
{"name":"vehicle","alternatives":["car", "foot", "bike", "motorcycle"]}
, {"name":"weighting","alternatives":["default"]}
, {"name":"algorithm","alternatives":["dijkstra"]}
]
,
"platforms":[
{
"id":"S110", 
"host":"http://e103m02.istic.univ-rennes1.fr:1538/",
"services":[
{"name":"vehicle","alternatives":["car"]}
, {"name":"weighting","alternatives":["default", "fastest", "least_congested", "least_noisy"]}
, {"name":"algorithm","alternatives":["dijkstra"]}
]
}
, {
"id":"S393", 
"host":"http://e212m04.istic.univ-rennes1.fr:1539/",
"services":[
{"name":"vehicle","alternatives":["bike"]}
, {"name":"weighting","alternatives":["default", "least_noisy", "fastest"]}
, {"name":"algorithm","alternatives":["dijkstra"]}
]
}
, {
"id":"S592", 
"host":"http://d024m10.istic.univ-rennes1.fr:1532/",
"services":[
{"name":"vehicle","alternatives":["car", "motorcycle"]}
, {"name":"weighting","alternatives":["fastest", "default", "least_noisy", "least_congested", "shortest", "least_polluted"]}
, {"name":"algorithm","alternatives":["dijkstra"]}
]
}
, {
"id":"S378", 
"host":"http://e212m03.istic.univ-rennes1.fr:1534/",
"services":[
{"name":"vehicle","alternatives":["car", "bike"]}
, {"name":"weighting","alternatives":["least_congested", "default", "fastest", "most_ozonic"]}
, {"name":"algorithm","alternatives":["dijkstra"]}
]
}
, {
"id":"S836", 
"host":"http://null/",
"services":[
{"name":"vehicle","alternatives":["foot"]}
, {"name":"weighting","alternatives":["fastest", "default"]}
, {"name":"algorithm","alternatives":["dijkstra"]}
]
}
, {
"id":"S320", 
"host":"http://e105m07.istic.univ-rennes1.fr:1537/",
"services":[
{"name":"vehicle","alternatives":["car", "bike", "motorcycle"]}
, {"name":"weighting","alternatives":["default", "least_congested", "fastest", "shortest", "least_polluted", "most_scenic", "least_noisy"]}
, {"name":"algorithm","alternatives":["dijkstra"]}
]
}
, {
"id":"S339", 
"host":"http://e105m09.istic.univ-rennes1.fr:1535/",
"services":[
{"name":"vehicle","alternatives":["foot", "car"]}
, {"name":"weighting","alternatives":["fastest", "shortest", "least_congested", "default", "most_scenic"]}
, {"name":"algorithm","alternatives":["dijkstra"]}
]
}
, {
"id":"S326", 
"host":"http://e105m08.istic.univ-rennes1.fr:1533/",
"services":[
{"name":"vehicle","alternatives":["car", "bike", "foot"]}
, {"name":"weighting","alternatives":["shortest", "fastest", "default", "least_congested"]}
, {"name":"algorithm","alternatives":["dijkstra"]}
]
}
, {
"id":"S510", 
"host":"http://d022m04.istic.univ-rennes1.fr:1535/",
"services":[
{"name":"vehicle","alternatives":["foot", "car", "bike", "motorcycle"]}
, {"name":"weighting","alternatives":["default", "shortest"]}
, {"name":"algorithm","alternatives":["dijkstra"]}
]
}
]
}

