{
"id":"C352", 
"services":[
{"name":"vehicle","alternatives":["car", "bike", "foot"]}
, {"name":"weighting","alternatives":["default"]}
, {"name":"algorithm","alternatives":["dijkstra"]}
]
,
"platforms":[
{
"id":"S179", 
"host":"http://e008m01.istic.univ-rennes1.fr:1537/",
"services":[
{"name":"vehicle","alternatives":["car"]}
, {"name":"weighting","alternatives":["fastest", "shortest", "least_congested", "default", "least_noisy", "most_scenic"]}
, {"name":"algorithm","alternatives":["dijkstra"]}
]
}
, {
"id":"S43", 
"host":"http://e003m06.istic.univ-rennes1.fr:1531/",
"services":[
{"name":"vehicle","alternatives":["car", "bike"]}
, {"name":"weighting","alternatives":["fastest", "default", "shortest", "least_congested", "least_noisy"]}
, {"name":"algorithm","alternatives":["dijkstra"]}
]
}
, {
"id":"S343", 
"host":"http://e105m09.istic.univ-rennes1.fr:1539/",
"services":[
{"name":"vehicle","alternatives":["foot", "motorcycle"]}
, {"name":"weighting","alternatives":["fastest", "default", "least_noisy"]}
, {"name":"algorithm","alternatives":["dijkstra"]}
]
}
, {
"id":"S604", 
"host":"http://d026m01.istic.univ-rennes1.fr:1534/",
"services":[
{"name":"vehicle","alternatives":["foot", "car"]}
, {"name":"weighting","alternatives":["default", "fastest", "least_congested", "shortest"]}
, {"name":"algorithm","alternatives":["dijkstra"]}
]
}
, {
"id":"S825", 
"host":"http://null/",
"services":[
{"name":"vehicle","alternatives":["foot", "motorcycle", "bike"]}
, {"name":"weighting","alternatives":["default", "least_congested", "least_noisy", "fastest", "shortest", "least_polluted", "most_ozonic"]}
, {"name":"algorithm","alternatives":["dijkstra"]}
]
}
, {
"id":"S58", 
"host":"http://e003m07.istic.univ-rennes1.fr:1536/",
"services":[
{"name":"vehicle","alternatives":["car", "bike", "foot"]}
, {"name":"weighting","alternatives":["fastest", "shortest", "most_scenic", "default", "least_pollen", "least_polluted"]}
, {"name":"algorithm","alternatives":["dijkstra"]}
]
}
]
}

