{
"id":"C1370", 
"services":[
{"name":"vehicle","alternatives":["car", "foot"]}
, {"name":"weighting","alternatives":["fastest", "default", "shortest", "least_polluted", "least_congested", "most_scenic"]}
, {"name":"algorithm","alternatives":["dijkstra"]}
]
,
"platforms":[
{
"id":"S769", 
"host":"http://d122m06.istic.univ-rennes1.fr:1534/",
"services":[
{"name":"vehicle","alternatives":["car", "foot"]}
, {"name":"weighting","alternatives":["fastest", "default", "least_noisy", "least_congested"]}
, {"name":"algorithm","alternatives":["dijkstra"]}
]
}
, {
"id":"S526", 
"host":"http://d022m07.istic.univ-rennes1.fr:1536/",
"services":[
{"name":"vehicle","alternatives":["car", "bike"]}
, {"name":"weighting","alternatives":["shortest", "least_noisy", "default", "fastest", "least_congested", "least_polluted", "most_ozonic"]}
, {"name":"algorithm","alternatives":["dijkstra"]}
]
}
, {
"id":"S264", 
"host":"http://e105m02.istic.univ-rennes1.fr:1532/",
"services":[
{"name":"vehicle","alternatives":["car"]}
, {"name":"weighting","alternatives":["shortest", "fastest", "default", "least_congested", "least_noisy", "least_pollen", "least_polluted", "most_ozonic", "most_scenic"]}
, {"name":"algorithm","alternatives":["dijkstra"]}
]
}
, {
"id":"S375", 
"host":"http://e212m03.istic.univ-rennes1.fr:1531/",
"services":[
{"name":"vehicle","alternatives":["bike", "foot", "car"]}
, {"name":"weighting","alternatives":["shortest", "fastest"]}
, {"name":"algorithm","alternatives":["dijkstra"]}
]
}
, {
"id":"S448", 
"host":"http://d020m02.istic.univ-rennes1.fr:1533/",
"services":[
{"name":"vehicle","alternatives":["foot"]}
, {"name":"weighting","alternatives":["fastest", "least_congested", "shortest", "default", "most_ozonic"]}
, {"name":"algorithm","alternatives":["dijkstra"]}
]
}
, {
"id":"S345", 
"host":"http://e105m10.istic.univ-rennes1.fr:1531/",
"services":[
{"name":"vehicle","alternatives":["bike", "car", "foot"]}
, {"name":"weighting","alternatives":["least_polluted", "most_ozonic", "least_noisy", "fastest"]}
, {"name":"algorithm","alternatives":["dijkstra"]}
]
}
, {
"id":"S229", 
"host":"http://e008m08.istic.univ-rennes1.fr:1537/",
"services":[
{"name":"vehicle","alternatives":["foot"]}
, {"name":"weighting","alternatives":["fastest", "default", "shortest", "least_congested", "least_polluted"]}
, {"name":"algorithm","alternatives":["dijkstra"]}
]
}
, {
"id":"S13", 
"host":"http://e003m02.istic.univ-rennes1.fr:1533/",
"services":[
{"name":"vehicle","alternatives":["foot", "car"]}
, {"name":"weighting","alternatives":["fastest", "least_noisy", "default", "least_polluted"]}
, {"name":"algorithm","alternatives":["dijkstra"]}
]
}
, {
"id":"S697", 
"host":"http://d028m07.istic.univ-rennes1.fr:1532/",
"services":[
{"name":"vehicle","alternatives":["car", "foot", "bike"]}
, {"name":"weighting","alternatives":["least_noisy", "shortest", "least_congested", "fastest", "default"]}
, {"name":"algorithm","alternatives":["dijkstra"]}
]
}
, {
"id":"S213", 
"host":"http://e008m07.istic.univ-rennes1.fr:1531/",
"services":[
{"name":"vehicle","alternatives":["car", "foot"]}
, {"name":"weighting","alternatives":["default", "least_noisy", "least_congested", "fastest", "least_polluted", "least_pollen"]}
, {"name":"algorithm","alternatives":["dijkstra"]}
]
}
, {
"id":"S206", 
"host":"http://e008m06.istic.univ-rennes1.fr:1534/",
"services":[
{"name":"vehicle","alternatives":["bike", "car", "foot"]}
, {"name":"weighting","alternatives":["default", "shortest", "least_polluted"]}
, {"name":"algorithm","alternatives":["dijkstra"]}
]
}
, {
"id":"S101", 
"host":"http://e103m01.istic.univ-rennes1.fr:1539/",
"services":[
{"name":"vehicle","alternatives":["car", "foot"]}
, {"name":"weighting","alternatives":["fastest", "least_polluted", "default", "least_congested", "shortest", "least_noisy", "least_pollen"]}
, {"name":"algorithm","alternatives":["dijkstra"]}
]
}
, {
"id":"S483", 
"host":"http://d020m09.istic.univ-rennes1.fr:1533/",
"services":[
{"name":"vehicle","alternatives":["car", "foot"]}
, {"name":"weighting","alternatives":["fastest", "default", "least_polluted", "least_noisy", "least_congested", "shortest", "most_scenic", "least_pollen", "most_ozonic"]}
, {"name":"algorithm","alternatives":["dijkstra"]}
]
}
]
}

