{
"id":"C146", 
"services":[
{"name":"vehicle","alternatives":["car", "motorcycle"]}
, {"name":"weighting","alternatives":["fastest", "default"]}
, {"name":"algorithm","alternatives":["dijkstra"]}
]
,
"platforms":[
{
"id":"S503", 
"host":"http://d022m03.istic.univ-rennes1.fr:1533/",
"services":[
{"name":"vehicle","alternatives":["motorcycle"]}
, {"name":"weighting","alternatives":["fastest", "default", "most_scenic"]}
, {"name":"algorithm","alternatives":["dijkstra"]}
]
}
, {
"id":"S274", 
"host":"http://e105m03.istic.univ-rennes1.fr:1532/",
"services":[
{"name":"vehicle","alternatives":["car"]}
, {"name":"weighting","alternatives":["default", "most_scenic", "fastest", "shortest", "least_noisy", "least_congested", "least_polluted", "most_ozonic", "least_pollen"]}
, {"name":"algorithm","alternatives":["dijkstra"]}
]
}
, {
"id":"S551", 
"host":"http://d024m01.istic.univ-rennes1.fr:1531/",
"services":[
{"name":"vehicle","alternatives":["car", "bike", "motorcycle", "foot", "scooter"]}
, {"name":"weighting","alternatives":["default", "fastest", "shortest", "least_congested", "least_noisy"]}
, {"name":"algorithm","alternatives":["dijkstra"]}
]
}
]
}

