{
"id":"C397", 
"services":[
{"name":"vehicle","alternatives":["bike"]}
, {"name":"weighting","alternatives":["fastest", "least_polluted"]}
, {"name":"algorithm","alternatives":["dijkstra"]}
]
,
"platforms":[
{
"id":"S505", 
"host":"http://d022m03.istic.univ-rennes1.fr:1535/",
"services":[
{"name":"vehicle","alternatives":["car", "bike"]}
, {"name":"weighting","alternatives":["fastest", "shortest", "least_congested", "least_polluted", "default"]}
, {"name":"algorithm","alternatives":["dijkstra"]}
]
}
]
}

