{
"id":"C243", 
"services":[
{"name":"vehicle","alternatives":["motorcycle"]}
, {"name":"weighting","alternatives":["fastest", "shortest"]}
, {"name":"algorithm","alternatives":["dijkstra"]}
]
,
"platforms":[
{
"id":"S569", 
"host":"http://d024m04.istic.univ-rennes1.fr:1534/",
"services":[
{"name":"vehicle","alternatives":["car", "scooter", "motorcycle"]}
, {"name":"weighting","alternatives":["fastest", "least_congested", "least_polluted", "default", "shortest", "least_noisy"]}
, {"name":"algorithm","alternatives":["dijkstra"]}
]
}
]
}

