{
"id":"C1352", 
"services":[
{"name":"vehicle","alternatives":["car", "bike"]}
, {"name":"weighting","alternatives":["fastest", "default"]}
, {"name":"algorithm","alternatives":["dijkstra"]}
]
,
"platforms":[
{
"id":"S606", 
"host":"http://d026m02.istic.univ-rennes1.fr:1531/",
"services":[
{"name":"vehicle","alternatives":["motorcycle", "car"]}
, {"name":"weighting","alternatives":["fastest", "most_scenic", "shortest", "default", "most_ozonic", "least_congested", "least_polluted", "least_noisy"]}
, {"name":"algorithm","alternatives":["dijkstra"]}
]
}
, {
"id":"S398", 
"host":"http://e212m06.istic.univ-rennes1.fr:1534/",
"services":[
{"name":"vehicle","alternatives":["bike", "car"]}
, {"name":"weighting","alternatives":["default", "least_congested", "fastest"]}
, {"name":"algorithm","alternatives":["dijkstra"]}
]
}
]
}

