{
"id":"C689", 
"services":[
{"name":"vehicle","alternatives":["car"]}
, {"name":"weighting","alternatives":["fastest", "least_congested"]}
, {"name":"algorithm","alternatives":["dijkstra"]}
]
,
"platforms":[
{
"id":"S222", 
"host":"http://e008m07.istic.univ-rennes1.fr:15310/",
"services":[
{"name":"vehicle","alternatives":["car", "foot"]}
, {"name":"weighting","alternatives":["least_noisy", "least_congested", "fastest", "default", "shortest", "least_polluted"]}
, {"name":"algorithm","alternatives":["dijkstra"]}
]
}
]
}

