{
"id":"C920", 
"services":[
{"name":"vehicle","alternatives":["car", "bike", "foot"]}
, {"name":"weighting","alternatives":["fastest"]}
, {"name":"algorithm","alternatives":["dijkstra"]}
]
,
"platforms":[
{
"id":"S230", 
"host":"http://e008m08.istic.univ-rennes1.fr:1538/",
"services":[
{"name":"vehicle","alternatives":["car"]}
, {"name":"weighting","alternatives":["fastest", "least_congested", "default", "least_pollen", "least_noisy", "least_polluted", "shortest"]}
, {"name":"algorithm","alternatives":["dijkstra"]}
]
}
, {
"id":"S450", 
"host":"http://d020m02.istic.univ-rennes1.fr:1535/",
"services":[
{"name":"vehicle","alternatives":["car", "bike"]}
, {"name":"weighting","alternatives":["least_congested", "fastest", "default", "shortest", "least_noisy"]}
, {"name":"algorithm","alternatives":["dijkstra"]}
]
}
, {
"id":"S102", 
"host":"http://e103m01.istic.univ-rennes1.fr:15310/",
"services":[
{"name":"vehicle","alternatives":["car", "motorcycle", "foot"]}
, {"name":"weighting","alternatives":["default", "shortest", "fastest", "least_congested", "least_noisy"]}
, {"name":"algorithm","alternatives":["dijkstra"]}
]
}
, {
"id":"S611", 
"host":"http://d026m02.istic.univ-rennes1.fr:1536/",
"services":[
{"name":"vehicle","alternatives":["car", "foot", "bike"]}
, {"name":"weighting","alternatives":["shortest", "default", "fastest", "least_congested"]}
, {"name":"algorithm","alternatives":["dijkstra"]}
]
}
]
}

