{
"id":"C498", 
"services":[
{"name":"vehicle","alternatives":["foot", "car"]}
, {"name":"weighting","alternatives":["default"]}
, {"name":"algorithm","alternatives":["dijkstra"]}
]
,
"platforms":[
{
"id":"S471", 
"host":"http://d020m06.istic.univ-rennes1.fr:1531/",
"services":[
{"name":"vehicle","alternatives":["foot"]}
, {"name":"weighting","alternatives":["fastest", "least_congested", "default", "least_pollen", "most_scenic", "shortest", "most_ozonic", "least_polluted"]}
, {"name":"algorithm","alternatives":["dijkstra"]}
]
}
, {
"id":"S147", 
"host":"http://e103m07.istic.univ-rennes1.fr:1535/",
"services":[
{"name":"vehicle","alternatives":["car", "foot"]}
, {"name":"weighting","alternatives":["default", "shortest", "least_congested", "fastest", "least_pollen"]}
, {"name":"algorithm","alternatives":["dijkstra"]}
]
}
]
}

