{
"id":"C392", 
"services":[
{"name":"vehicle","alternatives":["car"]}
, {"name":"weighting","alternatives":["default", "least_noisy", "fastest"]}
, {"name":"algorithm","alternatives":["dijkstra"]}
]
,
"platforms":[
{
"id":"S243", 
"host":"http://e008m10.istic.univ-rennes1.fr:1531/",
"services":[
{"name":"vehicle","alternatives":["car"]}
, {"name":"weighting","alternatives":["fastest"]}
, {"name":"algorithm","alternatives":["dijkstra"]}
]
}
, {
"id":"S268", 
"host":"http://e105m02.istic.univ-rennes1.fr:1536/",
"services":[
{"name":"vehicle","alternatives":["car", "bike"]}
, {"name":"weighting","alternatives":["fastest", "default"]}
, {"name":"algorithm","alternatives":["dijkstra"]}
]
}
, {
"id":"S145", 
"host":"http://e103m07.istic.univ-rennes1.fr:1533/",
"services":[
{"name":"vehicle","alternatives":["bike", "car"]}
, {"name":"weighting","alternatives":["fastest", "least_noisy", "default", "shortest"]}
, {"name":"algorithm","alternatives":["dijkstra"]}
]
}
]
}

