{
"id":"C930", 
"services":[
{"name":"vehicle","alternatives":["bike"]}
, {"name":"weighting","alternatives":["least_polluted", "least_congested", "default", "fastest"]}
, {"name":"algorithm","alternatives":["dijkstra"]}
]
,
"platforms":[
{
"id":"S700", 
"host":"http://d028m07.istic.univ-rennes1.fr:1535/",
"services":[
{"name":"vehicle","alternatives":["bike"]}
, {"name":"weighting","alternatives":["least_congested", "default", "shortest"]}
, {"name":"algorithm","alternatives":["dijkstra"]}
]
}
, {
"id":"S785", 
"host":"http://d122m09.istic.univ-rennes1.fr:1535/",
"services":[
{"name":"vehicle","alternatives":["car", "bike"]}
, {"name":"weighting","alternatives":["fastest", "default", "least_congested"]}
, {"name":"algorithm","alternatives":["dijkstra"]}
]
}
, {
"id":"S113", 
"host":"http://e103m04.istic.univ-rennes1.fr:1531/",
"services":[
{"name":"vehicle","alternatives":["car", "bike"]}
, {"name":"weighting","alternatives":["fastest", "least_noisy", "default", "least_polluted", "shortest", "most_scenic", "least_congested"]}
, {"name":"algorithm","alternatives":["dijkstra"]}
]
}
]
}

