{
"id":"C650", 
"services":[
{"name":"vehicle","alternatives":["scooter", "car"]}
, {"name":"weighting","alternatives":["default", "fastest", "least_polluted", "shortest", "least_congested"]}
, {"name":"algorithm","alternatives":["dijkstra"]}
]
,
"platforms":[
{
"id":"S505", 
"host":"http://d022m03.istic.univ-rennes1.fr:1535/",
"services":[
{"name":"vehicle","alternatives":["car", "bike"]}
, {"name":"weighting","alternatives":["fastest", "shortest", "least_congested", "least_polluted", "default"]}
, {"name":"algorithm","alternatives":["dijkstra"]}
]
}
, {
"id":"S688", 
"host":"http://d028m05.istic.univ-rennes1.fr:1533/",
"services":[
{"name":"vehicle","alternatives":["scooter", "car"]}
, {"name":"weighting","alternatives":["most_ozonic", "default", "least_congested", "least_polluted"]}
, {"name":"algorithm","alternatives":["dijkstra"]}
]
}
, {
"id":"S479", 
"host":"http://d020m07.istic.univ-rennes1.fr:1534/",
"services":[
{"name":"vehicle","alternatives":["car", "scooter", "foot"]}
, {"name":"weighting","alternatives":["fastest", "default", "least_polluted"]}
, {"name":"algorithm","alternatives":["dijkstra"]}
]
}
, {
"id":"S300", 
"host":"http://e105m05.istic.univ-rennes1.fr:1538/",
"services":[
{"name":"vehicle","alternatives":["foot", "car", "scooter"]}
, {"name":"weighting","alternatives":["fastest", "default", "least_noisy", "least_congested", "least_polluted"]}
, {"name":"algorithm","alternatives":["dijkstra"]}
]
}
, {
"id":"S504", 
"host":"http://d022m03.istic.univ-rennes1.fr:1534/",
"services":[
{"name":"vehicle","alternatives":["car", "scooter"]}
, {"name":"weighting","alternatives":["fastest", "default", "least_congested", "shortest", "least_noisy", "least_polluted", "least_pollen"]}
, {"name":"algorithm","alternatives":["dijkstra"]}
]
}
]
}

