{
"id":"C76", 
"services":[
{"name":"vehicle","alternatives":["motorcycle", "car", "foot", "bike", "scooter"]}
, {"name":"weighting","alternatives":["default"]}
, {"name":"algorithm","alternatives":["dijkstra"]}
]
,
"platforms":[
{
"id":"S332", 
"host":"http://e105m08.istic.univ-rennes1.fr:1539/",
"services":[
{"name":"vehicle","alternatives":["car", "foot", "bike"]}
, {"name":"weighting","alternatives":["fastest", "default"]}
, {"name":"algorithm","alternatives":["dijkstra"]}
]
}
, {
"id":"S221", 
"host":"http://e008m07.istic.univ-rennes1.fr:1539/",
"services":[
{"name":"vehicle","alternatives":["car", "motorcycle"]}
, {"name":"weighting","alternatives":["default", "fastest", "least_congested"]}
, {"name":"algorithm","alternatives":["dijkstra"]}
]
}
, {
"id":"S816", 
"host":"http://null/",
"services":[
{"name":"vehicle","alternatives":["car", "bike", "foot", "motorcycle"]}
, {"name":"weighting","alternatives":["fastest", "least_congested", "shortest", "default", "least_polluted"]}
, {"name":"algorithm","alternatives":["dijkstra"]}
]
}
, {
"id":"S688", 
"host":"http://d028m05.istic.univ-rennes1.fr:1533/",
"services":[
{"name":"vehicle","alternatives":["scooter", "car"]}
, {"name":"weighting","alternatives":["most_ozonic", "default", "least_congested", "least_polluted"]}
, {"name":"algorithm","alternatives":["dijkstra"]}
]
}
, {
"id":"S647", 
"host":"http://d026m06.istic.univ-rennes1.fr:1532/",
"services":[
{"name":"vehicle","alternatives":["car", "motorcycle", "foot", "bike", "scooter"]}
, {"name":"weighting","alternatives":["fastest", "least_polluted", "shortest", "default"]}
, {"name":"algorithm","alternatives":["dijkstra"]}
]
}
]
}

