{
"id":"C1184", 
"services":[
{"name":"vehicle","alternatives":["bike", "car", "foot"]}
, {"name":"weighting","alternatives":["fastest"]}
, {"name":"algorithm","alternatives":["dijkstra"]}
]
,
"platforms":[
{
"id":"S754", 
"host":"http://d122m03.istic.univ-rennes1.fr:15310/",
"services":[
{"name":"vehicle","alternatives":["motorcycle", "car"]}
, {"name":"weighting","alternatives":["fastest", "shortest", "least_polluted", "default"]}
, {"name":"algorithm","alternatives":["dijkstra"]}
]
}
, {
"id":"S283", 
"host":"http://e105m04.istic.univ-rennes1.fr:1531/",
"services":[
{"name":"vehicle","alternatives":["bike"]}
, {"name":"weighting","alternatives":["most_ozonic", "default", "fastest"]}
, {"name":"algorithm","alternatives":["dijkstra"]}
]
}
, {
"id":"S696", 
"host":"http://d028m07.istic.univ-rennes1.fr:1531/",
"services":[
{"name":"vehicle","alternatives":["car", "foot"]}
, {"name":"weighting","alternatives":["default", "fastest", "shortest", "least_noisy", "least_congested"]}
, {"name":"algorithm","alternatives":["dijkstra"]}
]
}
, {
"id":"S135", 
"host":"http://e103m06.istic.univ-rennes1.fr:1533/",
"services":[
{"name":"vehicle","alternatives":["car", "bike"]}
, {"name":"weighting","alternatives":["fastest", "default"]}
, {"name":"algorithm","alternatives":["dijkstra"]}
]
}
, {
"id":"S292", 
"host":"http://e105m04.istic.univ-rennes1.fr:15310/",
"services":[
{"name":"vehicle","alternatives":["bike", "car", "foot"]}
, {"name":"weighting","alternatives":["default", "fastest", "least_congested", "least_polluted"]}
, {"name":"algorithm","alternatives":["dijkstra"]}
]
}
]
}

