{
"id":"C1407", 
"services":[
{"name":"vehicle","alternatives":["car"]}
, {"name":"weighting","alternatives":["least_congested", "least_polluted", "fastest"]}
, {"name":"algorithm","alternatives":["dijkstra"]}
]
,
"platforms":[
{
"id":"S208", 
"host":"http://e008m06.istic.univ-rennes1.fr:1536/",
"services":[
{"name":"vehicle","alternatives":["car"]}
, {"name":"weighting","alternatives":["fastest", "least_noisy", "default", "least_polluted", "least_congested", "shortest"]}
, {"name":"algorithm","alternatives":["dijkstra"]}
]
}
]
}

