{
"id":"C270", 
"services":[
{"name":"vehicle","alternatives":["car", "bike"]}
, {"name":"weighting","alternatives":["fastest"]}
, {"name":"algorithm","alternatives":["dijkstra"]}
]
,
"platforms":[
{
"id":"S648", 
"host":"http://d026m06.istic.univ-rennes1.fr:1533/",
"services":[
{"name":"vehicle","alternatives":["foot", "car"]}
, {"name":"weighting","alternatives":["fastest", "default", "shortest", "least_congested"]}
, {"name":"algorithm","alternatives":["dijkstra"]}
]
}
, {
"id":"S626", 
"host":"http://d026m04.istic.univ-rennes1.fr:1531/",
"services":[
{"name":"vehicle","alternatives":["bike", "car", "foot", "motorcycle"]}
, {"name":"weighting","alternatives":["fastest", "default", "least_noisy", "shortest", "least_congested"]}
, {"name":"algorithm","alternatives":["dijkstra"]}
]
}
]
}

