{
"id":"C100", 
"services":[
{"name":"vehicle","alternatives":["car", "foot", "bike"]}
, {"name":"weighting","alternatives":["default"]}
, {"name":"algorithm","alternatives":["dijkstra"]}
]
,
"platforms":[
{
"id":"S356", 
"host":"http://e212m01.istic.univ-rennes1.fr:1532/",
"services":[
{"name":"vehicle","alternatives":["bike"]}
, {"name":"weighting","alternatives":["least_noisy", "default"]}
, {"name":"algorithm","alternatives":["dijkstra"]}
]
}
, {
"id":"S271", 
"host":"http://e105m02.istic.univ-rennes1.fr:1539/",
"services":[
{"name":"vehicle","alternatives":["car"]}
, {"name":"weighting","alternatives":["shortest", "fastest", "default", "least_congested", "least_noisy", "least_polluted"]}
, {"name":"algorithm","alternatives":["dijkstra"]}
]
}
, {
"id":"S589", 
"host":"http://d024m09.istic.univ-rennes1.fr:1534/",
"services":[
{"name":"vehicle","alternatives":["foot", "car"]}
, {"name":"weighting","alternatives":["default", "least_polluted", "fastest", "shortest"]}
, {"name":"algorithm","alternatives":["dijkstra"]}
]
}
, {
"id":"S154", 
"host":"http://e103m08.istic.univ-rennes1.fr:1532/",
"services":[
{"name":"vehicle","alternatives":["car", "bike"]}
, {"name":"weighting","alternatives":["default", "fastest", "least_noisy", "least_congested"]}
, {"name":"algorithm","alternatives":["dijkstra"]}
]
}
, {
"id":"S38", 
"host":"http://e003m05.istic.univ-rennes1.fr:1536/",
"services":[
{"name":"vehicle","alternatives":["foot", "bike"]}
, {"name":"weighting","alternatives":["fastest", "least_noisy", "shortest", "default", "most_scenic"]}
, {"name":"algorithm","alternatives":["dijkstra"]}
]
}
, {
"id":"S537", 
"host":"http://d022m08.istic.univ-rennes1.fr:1537/",
"services":[
{"name":"vehicle","alternatives":["bike", "motorcycle", "car", "foot"]}
, {"name":"weighting","alternatives":["default", "least_polluted"]}
, {"name":"algorithm","alternatives":["dijkstra"]}
]
}
]
}

