{
"id":"C11", 
"services":[
{"name":"vehicle","alternatives":["car", "bike"]}
, {"name":"weighting","alternatives":["shortest", "default", "fastest", "most_scenic"]}
, {"name":"algorithm","alternatives":["dijkstra"]}
]
,
"platforms":[
{
"id":"S714", 
"host":"http://d028m09.istic.univ-rennes1.fr:1534/",
"services":[
{"name":"vehicle","alternatives":["car", "foot"]}
, {"name":"weighting","alternatives":["shortest", "fastest"]}
, {"name":"algorithm","alternatives":["dijkstra"]}
]
}
, {
"id":"S114", 
"host":"http://e103m04.istic.univ-rennes1.fr:1532/",
"services":[
{"name":"vehicle","alternatives":["car"]}
, {"name":"weighting","alternatives":["fastest", "least_polluted", "shortest", "default", "least_congested"]}
, {"name":"algorithm","alternatives":["dijkstra"]}
]
}
, {
"id":"S132", 
"host":"http://e103m05.istic.univ-rennes1.fr:15310/",
"services":[
{"name":"vehicle","alternatives":["car", "bike"]}
, {"name":"weighting","alternatives":["least_noisy", "fastest", "default", "least_congested", "shortest", "least_polluted"]}
, {"name":"algorithm","alternatives":["dijkstra"]}
]
}
, {
"id":"S606", 
"host":"http://d026m02.istic.univ-rennes1.fr:1531/",
"services":[
{"name":"vehicle","alternatives":["motorcycle", "car"]}
, {"name":"weighting","alternatives":["fastest", "most_scenic", "shortest", "default", "most_ozonic", "least_congested", "least_polluted", "least_noisy"]}
, {"name":"algorithm","alternatives":["dijkstra"]}
]
}
, {
"id":"S187", 
"host":"http://e008m03.istic.univ-rennes1.fr:1535/",
"services":[
{"name":"vehicle","alternatives":["car", "foot", "bike"]}
, {"name":"weighting","alternatives":["fastest", "least_polluted", "shortest", "most_scenic", "default", "least_congested"]}
, {"name":"algorithm","alternatives":["dijkstra"]}
]
}
]
}

