{
"id":"C628", 
"services":[
{"name":"vehicle","alternatives":["car", "bike"]}
, {"name":"weighting","alternatives":["least_congested", "most_scenic", "fastest", "least_noisy"]}
, {"name":"algorithm","alternatives":["astar"]}
]
,
"platforms":[
{
"id":"S674", 
"host":"http://d028m03.istic.univ-rennes1.fr:1534/",
"services":[
{"name":"vehicle","alternatives":["bike"]}
, {"name":"weighting","alternatives":["fastest", "default", "shortest", "least_congested"]}
, {"name":"algorithm","alternatives":["astar"]}
]
}
, {
"id":"S666", 
"host":"http://d028m02.istic.univ-rennes1.fr:1531/",
"services":[
{"name":"vehicle","alternatives":["car"]}
, {"name":"weighting","alternatives":["default", "fastest", "least_polluted", "least_congested"]}
, {"name":"algorithm","alternatives":["astar"]}
]
}
, {
"id":"S586", 
"host":"http://d024m09.istic.univ-rennes1.fr:1531/",
"services":[
{"name":"vehicle","alternatives":["car"]}
, {"name":"weighting","alternatives":["default", "fastest", "shortest", "least_noisy", "most_scenic"]}
, {"name":"algorithm","alternatives":["astar"]}
]
}
, {
"id":"S95", 
"host":"http://e103m01.istic.univ-rennes1.fr:1533/",
"services":[
{"name":"vehicle","alternatives":["car", "bike"]}
, {"name":"weighting","alternatives":["shortest", "fastest", "least_polluted", "default", "least_noisy", "least_congested"]}
, {"name":"algorithm","alternatives":["astar"]}
]
}
, {
"id":"S272", 
"host":"http://e105m02.istic.univ-rennes1.fr:15310/",
"services":[
{"name":"vehicle","alternatives":["car", "bike"]}
, {"name":"weighting","alternatives":["least_polluted", "shortest", "default", "fastest", "least_congested", "least_noisy", "most_ozonic", "most_scenic"]}
, {"name":"algorithm","alternatives":["astar"]}
]
}
]
}

