{
"id":"C1377", 
"services":[
{"name":"vehicle","alternatives":["car"]}
, {"name":"weighting","alternatives":["fastest", "least_polluted", "default"]}
, {"name":"algorithm","alternatives":["astar"]}
]
,
"platforms":[
{
"id":"S514", 
"host":"http://d022m06.istic.univ-rennes1.fr:1534/",
"services":[
{"name":"vehicle","alternatives":["car", "foot"]}
, {"name":"weighting","alternatives":["least_noisy", "fastest", "least_congested", "default"]}
, {"name":"algorithm","alternatives":["astar"]}
]
}
, {
"id":"S582", 
"host":"http://d024m07.istic.univ-rennes1.fr:1532/",
"services":[
{"name":"vehicle","alternatives":["car", "bike"]}
, {"name":"weighting","alternatives":["least_polluted", "default", "fastest", "least_noisy", "shortest"]}
, {"name":"algorithm","alternatives":["astar"]}
]
}
]
}

