{
"id":"C963", 
"services":[
{"name":"vehicle","alternatives":["motorcycle"]}
, {"name":"weighting","alternatives":["least_polluted", "fastest", "most_scenic"]}
, {"name":"algorithm","alternatives":["dijkstra"]}
]
,
"platforms":[
{
"id":"S220", 
"host":"http://e008m07.istic.univ-rennes1.fr:1538/",
"services":[
{"name":"vehicle","alternatives":["car", "bike", "motorcycle"]}
, {"name":"weighting","alternatives":["fastest", "default", "least_noisy", "shortest"]}
, {"name":"algorithm","alternatives":["dijkstra"]}
]
}
, {
"id":"S313", 
"host":"http://e105m06.istic.univ-rennes1.fr:15310/",
"services":[
{"name":"vehicle","alternatives":["motorcycle"]}
, {"name":"weighting","alternatives":["shortest", "least_pollen", "fastest", "least_congested", "most_scenic"]}
, {"name":"algorithm","alternatives":["dijkstra"]}
]
}
, {
"id":"S299", 
"host":"http://e105m05.istic.univ-rennes1.fr:1537/",
"services":[
{"name":"vehicle","alternatives":["car", "bike", "motorcycle"]}
, {"name":"weighting","alternatives":["fastest", "least_congested", "shortest", "least_noisy", "default", "least_polluted"]}
, {"name":"algorithm","alternatives":["dijkstra"]}
]
}
, {
"id":"S489", 
"host":"http://d020m10.istic.univ-rennes1.fr:1534/",
"services":[
{"name":"vehicle","alternatives":["motorcycle"]}
, {"name":"weighting","alternatives":["shortest", "most_scenic", "fastest", "default", "least_noisy", "least_congested", "least_polluted", "least_pollen"]}
, {"name":"algorithm","alternatives":["dijkstra"]}
]
}
]
}

