{
"id":"C68", 
"services":[
{"name":"vehicle","alternatives":["car", "foot"]}
, {"name":"weighting","alternatives":["least_congested", "fastest"]}
, {"name":"algorithm","alternatives":["dijkstra"]}
]
,
"platforms":[
{
"id":"S680", 
"host":"http://d028m04.istic.univ-rennes1.fr:1535/",
"services":[
{"name":"vehicle","alternatives":["car", "bike"]}
, {"name":"weighting","alternatives":["least_noisy", "fastest", "default"]}
, {"name":"algorithm","alternatives":["dijkstra"]}
]
}
, {
"id":"S761", 
"host":"http://d122m05.istic.univ-rennes1.fr:1531/",
"services":[
{"name":"vehicle","alternatives":["car"]}
, {"name":"weighting","alternatives":["fastest", "least_congested", "default", "shortest", "least_noisy", "least_polluted"]}
, {"name":"algorithm","alternatives":["dijkstra"]}
]
}
, {
"id":"S289", 
"host":"http://e105m04.istic.univ-rennes1.fr:1537/",
"services":[
{"name":"vehicle","alternatives":["car", "foot", "bike"]}
, {"name":"weighting","alternatives":["default", "least_polluted", "fastest", "shortest", "most_scenic", "least_congested", "least_noisy"]}
, {"name":"algorithm","alternatives":["dijkstra"]}
]
}
]
}

