{
"id":"C1384", 
"services":[
{"name":"vehicle","alternatives":["bike", "motorcycle"]}
, {"name":"weighting","alternatives":["fastest", "least_polluted"]}
, {"name":"algorithm","alternatives":["dijkstra"]}
]
,
"platforms":[
{
"id":"S494", 
"host":"http://d022m01.istic.univ-rennes1.fr:1534/",
"services":[
{"name":"vehicle","alternatives":["car", "bike"]}
, {"name":"weighting","alternatives":["default", "fastest", "least_congested"]}
, {"name":"algorithm","alternatives":["dijkstra"]}
]
}
, {
"id":"S288", 
"host":"http://e105m04.istic.univ-rennes1.fr:1536/",
"services":[
{"name":"vehicle","alternatives":["car", "bike"]}
, {"name":"weighting","alternatives":["fastest", "default", "least_pollen", "least_congested", "shortest", "least_polluted"]}
, {"name":"algorithm","alternatives":["dijkstra"]}
]
}
, {
"id":"S47", 
"host":"http://e003m06.istic.univ-rennes1.fr:1535/",
"services":[
{"name":"vehicle","alternatives":["car", "motorcycle"]}
, {"name":"weighting","alternatives":["default", "least_congested", "shortest", "fastest"]}
, {"name":"algorithm","alternatives":["dijkstra"]}
]
}
, {
"id":"S167", 
"host":"http://e103m09.istic.univ-rennes1.fr:1535/",
"services":[
{"name":"vehicle","alternatives":["motorcycle", "car"]}
, {"name":"weighting","alternatives":["shortest", "default", "least_polluted", "least_noisy", "fastest", "least_congested", "least_pollen"]}
, {"name":"algorithm","alternatives":["dijkstra"]}
]
}
, {
"id":"S217", 
"host":"http://e008m07.istic.univ-rennes1.fr:1535/",
"services":[
{"name":"vehicle","alternatives":["motorcycle", "bike"]}
, {"name":"weighting","alternatives":["fastest", "most_ozonic", "default"]}
, {"name":"algorithm","alternatives":["dijkstra"]}
]
}
, {
"id":"S10", 
"host":"http://e003m01.istic.univ-rennes1.fr:15310/",
"services":[
{"name":"vehicle","alternatives":["car", "bike", "motorcycle"]}
, {"name":"weighting","alternatives":["fastest", "least_polluted"]}
, {"name":"algorithm","alternatives":["dijkstra"]}
]
}
]
}

